type,annotations.gid,annotations.euid,annotations.children pid namespace,annotations.pid,annotations.seen time,annotations.source,annotations.net namespace,annotations.ipc namespace,annotations.ppid,annotations.pid namespace,annotations.uid,annotations.egid,annotations.exe,annotations.mount namespace,annotations.name,annotations.user namespace,annotations.path,annotations.subtype,annotations.permissions,annotations.epoch,annotations.version,annotations.memory address,annotations.size,annotations.tgid,annotations.start time,annotations.ns pid,annotations.read fd,annotations.write fd,annotations.cwd,annotations.command line,annotations.fd,annotations.root path
Artifact,,,,,,syscall,,,,,,,,,,,/etc/security/pam_env.conf,file,0644,0,0,,,,,,,,,,,
Artifact,,,,,,syscall,,,,,,,,,,,/etc/environment,file,0644,0,0,,,,,,,,,,,
Artifact,,,,,,syscall,,,,,,,,,,,/etc/default/locale,file,0644,0,0,,,,,,,,,,,
Artifact,,,,,,syscall,,,,,,,,,,,/etc/login.defs,file,0644,0,0,,,,,,,,,,,
Artifact,,,,,,syscall,,,,,,,,,,,/etc/passwd,file,0644,0,0,,,,,,,,,,,
Artifact,,,,,,syscall,,,,,,,,,,,,memory,,,0,7fb20d8af000,967,2906,,,,,,,,
Artifact,,,,,,syscall,,,,,,,,,,,/var/run/utmp,file,0664,0,0,,,,,,,,,,,
Artifact,,,,,,syscall,,,,,,,,,,,,unnamed pipe,,0,0,,,2906,,,5,6,,,,
Artifact,,,,,,syscall,,,,,,,,,,,/proc/2981/fd,directory,0500,0,0,,,,,,,,,,,
Artifact,,,,,,syscall,,,,,,,,,,,/usr/bin/docker,file,0755,0,0,,,,,,,,,,,
Artifact,,,,,,syscall,,,,,,,,,,,/lib64/ld-linux-x86-64.so.2,file,0755,0,0,,,,,,,,,,,
Artifact,,,,,,syscall,,,,,,,,,,,/etc/ld.so.cache,file,0644,0,0,,,,,,,,,,,
Artifact,,,,,,syscall,,,,,,,,,,,,memory,,,0,7f16aac30000,13817,2981,,,,,,,,
Artifact,,,,,,syscall,,,,,,,,,,,/lib/x86_64-linux-gnu/libpthread.so.0,file,0755,0,0,,,,,,,,,,,
Artifact,,,,,,syscall,,,,,,,,,,,,memory,,,0,7f16aac2e000,2000,2981,,,,,,,,
Artifact,,,,,,syscall,,,,,,,,,,,,memory,,,0,7f16aa7fc000,21e480,2981,,,,,,,,
Artifact,,,,,,syscall,,,,,,,,,,,,memory,,,0,7f16aa816000,1ff000,2981,,,,,,,,
Artifact,,,,,,syscall,,,,,,,,,,,,memory,,,0,7f16aaa15000,2000,2981,,,,,,,,
Artifact,,,,,,syscall,,,,,,,,,,,,memory,,,0,7f16aaa17000,3480,2981,,,,,,,,
Artifact,,,,,,syscall,,,,,,,,,,,/lib/x86_64-linux-gnu/libdl.so.2,file,0644,0,0,,,,,,,,,,,
Artifact,,,,,,syscall,,,,,,,,,,,,memory,,,0,7f16aa5f8000,203110,2981,,,,,,,,
Artifact,,,,,,syscall,,,,,,,,,,,,memory,,,0,7f16aa5fb000,1ff000,2981,,,,,,,,
Artifact,,,,,,syscall,,,,,,,,,,,,memory,,,0,7f16aa7fa000,2000,2981,,,,,,,,
Artifact,,,,,,syscall,,,,,,,,,,,/lib/x86_64-linux-gnu/libc.so.6,file,0755,0,0,,,,,,,,,,,
Artifact,,,,,,syscall,,,,,,,,,,,,memory,,,0,7f16aa207000,3f0ae0,2981,,,,,,,,
Artifact,,,,,,syscall,,,,,,,,,,,,memory,,,0,7f16aa3ee000,200000,2981,,,,,,,,
Artifact,,,,,,syscall,,,,,,,,,,,,memory,,,0,7f16aa5ee000,6000,2981,,,,,,,,
Artifact,,,,,,syscall,,,,,,,,,,,,memory,,,0,7f16aa5f4000,3ae0,2981,,,,,,,,
Artifact,,,,,,syscall,,,,,,,,,,,,memory,,,0,7f16aac2b000,3000,2981,,,,,,,,
Artifact,,,,,,syscall,,,,,,,,,,,,memory,,,0,7f16aa5ee000,4000,2981,,,,,,,,
Artifact,,,,,,syscall,,,,,,,,,,,,memory,,,0,7f16aa7fa000,1000,2981,,,,,,,,
Artifact,,,,,,syscall,,,,,,,,,,,,memory,,,0,7f16aaa15000,1000,2981,,,,,,,,
Artifact,,,,,,syscall,,,,,,,,,,,,memory,,,0,55e2328b6000,96d000,2981,,,,,,,,
Artifact,,,,,,syscall,,,,,,,,,,,,memory,,,0,7f16aac44000,1000,2981,,,,,,,,
Artifact,,,,,,syscall,,,,,,,,,,,/sys/kernel/mm/transparent_hugepage/hpage_pmd_size,file,0444,0,0,,,,,,,,,,,
Artifact,,,,,,syscall,,,,,,,,,,,,memory,,,0,7f16aabeb000,40000,2981,,,,,,,,
Artifact,,,,,,syscall,,,,,,,,,,,,memory,,,0,7f16aabcb000,20000,2981,,,,,,,,
Artifact,,,,,,syscall,,,,,,,,,,,,memory,,,0,7f16aaacb000,100000,2981,,,,,,,,
Artifact,,,,,,syscall,,,,,,,,,,,,memory,,,0,7f16a9a07000,800000,2981,,,,,,,,
Artifact,,,,,,syscall,,,,,,,,,,,,memory,,,0,7f16a5a07000,4000000,2981,,,,,,,,
Artifact,,,,,,syscall,,,,,,,,,,,,memory,,,0,7f1685a07000,20000000,2981,,,,,,,,
Artifact,,,,,,syscall,,,,,,,,,,,,memory,,,0,7f1685207000,800000,2981,,,,,,,,
Artifact,,,,,,syscall,,,,,,,,,,,,memory,,,0,c000000000,4000000,2981,,,,,,,,
Artifact,,,,,,syscall,,,,,,,,,,,,memory,,,0,7f1683207000,2000000,2981,,,,,,,,
Artifact,,,,,,syscall,,,,,,,,,,,,memory,,,0,7f1682ff6000,210c10,2981,,,,,,,,
Artifact,,,,,,syscall,,,,,,,,,,,,memory,,,0,c000000000,400000,2981,,,,,,,,
Artifact,,,,,,syscall,,,,,,,,,,,,memory,,,1,7f16aabcb000,20000,2981,,,,,,,,
Artifact,,,,,,syscall,,,,,,,,,,,,memory,,,0,7f16aab4b000,1000,2981,,,,,,,,
Artifact,,,,,,syscall,,,,,,,,,,,,memory,,,0,7f16a9e0d000,1000,2981,,,,,,,,
Artifact,,,,,,syscall,,,,,,,,,,,,memory,,,0,7f16a7a37000,1000,2981,,,,,,,,
Artifact,,,,,,syscall,,,,,,,,,,,,memory,,,0,7f1695b87000,1000,2981,,,,,,,,
Artifact,,,,,,syscall,,,,,,,,,,,,memory,,,0,7f1685207000,407000,2981,,,,,,,,
Artifact,,,,,,syscall,,,,,,,,,,,,memory,,,0,7f1685400000,200000,2981,,,,,,,,
Artifact,,,,,,syscall,,,,,,,,,,,,memory,,,0,7f1682ef6000,100000,2981,,,,,,,,
Artifact,,,,,,syscall,,,,,,,,,,,,memory,,,0,7f16aac34000,10000,2981,,,,,,,,
Artifact,,,,,,syscall,,,,,,,,,,,,memory,,,0,7f16aaabb000,10000,2981,,,,,,,,
Artifact,,,,,,syscall,,,,,,,,,,,,memory,,,0,7f16826f5000,801000,2981,,,,,,,,
Artifact,,,,,,syscall,,,,,,,,,,,,memory,,,0,7f16826f6000,800000,2981,,,,,,,,
Artifact,,,,,,syscall,,,,,,,,,,,,memory,,,0,7f167a6f5000,8000000,2981,,,,,,,,
Artifact,,,,,,syscall,,,,,,,,,,,,memory,,,0,7f167c000000,21000,2981,,,,,,,,
Artifact,,,,,,syscall,,,,,,,,,,,,memory,,,0,7f1681ef4000,801000,2981,,,,,,,,
Artifact,,,,,,syscall,,,,,,,,,,,,memory,,,0,7f1681ef5000,800000,2981,,,,,,,,
Artifact,,,,,,syscall,,,,,,,,,,,,memory,,,0,7f16816f3000,801000,2981,,,,,,,,
Artifact,,,,,,syscall,,,,,,,,,,,,memory,,,0,7f16816f4000,800000,2981,,,,,,,,
Artifact,,,,,,syscall,,,,,,,,,,,,memory,,,0,7f1674000000,8000000,2981,,,,,,,,
Artifact,,,,,,syscall,,,,,,,,,,,,memory,,,0,7f1674000000,21000,2981,,,,,,,,
Artifact,,,,,,syscall,,,,,,,,,,,,memory,,,0,7f1680ef2000,801000,2981,,,,,,,,
Artifact,,,,,,syscall,,,,,,,,,,,,memory,,,0,7f1680ef3000,800000,2981,,,,,,,,
Artifact,,,,,,syscall,,,,,,,,,,,,memory,,,0,7f1678000000,4000000,2981,,,,,,,,
Artifact,,,,,,syscall,,,,,,,,,,,,memory,,,0,7f1678000000,21000,2981,,,,,,,,
Artifact,,,,,,syscall,,,,,,,,,,,,memory,,,0,7f166c000000,8000000,2981,,,,,,,,
Artifact,,,,,,syscall,,,,,,,,,,,,memory,,,0,7f166c000000,21000,2981,,,,,,,,
Artifact,,,,,,syscall,,,,,,,,,,,,memory,,,0,7f16aaa7b000,40000,2981,,,,,,,,
Artifact,,,,,,syscall,,,,,,,,,,,,memory,,,0,7f16806f1000,801000,2981,,,,,,,,
Artifact,,,,,,syscall,,,,,,,,,,,,memory,,,0,7f16806f2000,800000,2981,,,,,,,,
Artifact,,,,,,syscall,,,,,,,,,,,,memory,,,0,7f1670000000,4000000,2981,,,,,,,,
Artifact,,,,,,syscall,,,,,,,,,,,,memory,,,0,7f1670000000,21000,2981,,,,,,,,
Artifact,,,,,,syscall,,,,,,,,,,,,memory,,,0,c000400000,400000,2981,,,,,,,,
Artifact,,,,,,syscall,,,,,,,,,,,,memory,,,0,7f16806b1000,40000,2981,,,,,,,,
Artifact,,,,,,syscall,,,,,,,,,,,,memory,,,0,7f16aaa6b000,10000,2981,,,,,,,,
Artifact,,,,,,syscall,,,,,,,,,,,,memory,,,0,7f1680671000,40000,2981,,,,,,,,
Artifact,,,,,,syscall,,,,,,,,,,,,memory,,,0,7f1680631000,40000,2981,,,,,,,,
Artifact,,,,,,syscall,,,,,,,,,,,,memory,,,0,7f16805f1000,40000,2981,,,,,,,,
Artifact,,,,,,syscall,,,,,,,,,,,/usr/libexec/docker/cli-plugins,directory,0755,0,0,,,,,,,,,,,
Artifact,,,,,,syscall,,,,,,,,,,,/dev/null,character device,0666,0,0,,,,,,,,,,,
Artifact,,,,,,syscall,,,,,,,,,,,,unnamed pipe,,0,0,,,2981,,,11,12,,,,
Artifact,,,,,,syscall,,,,,,,,,,,/usr/libexec/docker/cli-plugins/docker-buildx,file,0755,0,0,,,,,,,,,,,
Artifact,,,,,,syscall,,,,,,,,,,,,unnamed pipe,,0,0,,,2981,,,7,8,,,,
Artifact,,,,,,syscall,,,,,,,,,,,,unnamed pipe,,0,0,,,2981,,,9,10,,,,
Artifact,,,,,,syscall,,,,,,,,,,,,memory,,,0,7f22b005d000,40000,2990,,,,,,,,
Artifact,,,,,,syscall,,,,,,,,,,,,memory,,,0,7f22b003d000,20000,2990,,,,,,,,
Artifact,,,,,,syscall,,,,,,,,,,,,memory,,,0,7f22aff3d000,100000,2990,,,,,,,,
Artifact,,,,,,syscall,,,,,,,,,,,,memory,,,0,7f22af73d000,800000,2990,,,,,,,,
Artifact,,,,,,syscall,,,,,,,,,,,,memory,,,0,7f22ab73d000,4000000,2990,,,,,,,,
Artifact,,,,,,syscall,,,,,,,,,,,,memory,,,0,7f228b73d000,20000000,2990,,,,,,,,
Artifact,,,,,,syscall,,,,,,,,,,,,memory,,,0,7f228af3d000,800000,2990,,,,,,,,
Artifact,,,,,,syscall,,,,,,,,,,,,memory,,,0,c000000000,4000000,2990,,,,,,,,
Artifact,,,,,,syscall,,,,,,,,,,,,memory,,,0,7f2288f3d000,2000000,2990,,,,,,,,
Artifact,,,,,,syscall,,,,,,,,,,,,memory,,,0,7f2288d2c000,210c10,2990,,,,,,,,
Artifact,,,,,,syscall,,,,,,,,,,,,memory,,,0,c000000000,400000,2990,,,,,,,,
Artifact,,,,,,syscall,,,,,,,,,,,,memory,,,1,7f22b003d000,20000,2990,,,,,,,,
Artifact,,,,,,syscall,,,,,,,,,,,,memory,,,0,7f22affbd000,1000,2990,,,,,,,,
Artifact,,,,,,syscall,,,,,,,,,,,,memory,,,0,7f22afb43000,1000,2990,,,,,,,,
Artifact,,,,,,syscall,,,,,,,,,,,,memory,,,0,7f22ad76d000,1000,2990,,,,,,,,
Artifact,,,,,,syscall,,,,,,,,,,,,memory,,,0,7f229b8bd000,1000,2990,,,,,,,,
Artifact,,,,,,syscall,,,,,,,,,,,,memory,,,0,7f228af3d000,407000,2990,,,,,,,,
Artifact,,,,,,syscall,,,,,,,,,,,,memory,,,0,7f228b000000,200000,2990,,,,,,,,
Artifact,,,,,,syscall,,,,,,,,,,,,memory,,,0,7f2288c2c000,100000,2990,,,,,,,,
Artifact,,,,,,syscall,,,,,,,,,,,,memory,,,0,7f2288c1c000,10000,2990,,,,,,,,
Artifact,,,,,,syscall,,,,,,,,,,,,memory,,,0,7f2288c0c000,10000,2990,,,,,,,,
Artifact,,,,,,syscall,,,,,,,,,,,,memory,,,0,7f2288bcc000,40000,2990,,,,,,,,
Artifact,,,,,,syscall,,,,,,,,,,,,memory,,,0,c000400000,400000,2990,,,,,,,,
Artifact,,,,,,syscall,,,,,,,,,,,,memory,,,0,7f2288b8c000,40000,2990,,,,,,,,
Artifact,,,,,,syscall,,,,,,,,,,,,memory,,,0,7f2288b7c000,10000,2990,,,,,,,,
Artifact,,,,,,syscall,,,,,,,,,,,,memory,,,0,7f2288b3c000,40000,2990,,,,,,,,
Artifact,,,,,,syscall,,,,,,,,,,,,memory,,,0,7f2288afc000,40000,2990,,,,,,,,
Artifact,,,,,,syscall,,,,,,,,,,,,memory,,,0,7f2288abc000,40000,2990,,,,,,,,
Artifact,,,,,,syscall,,,,,,,,,,,,memory,,,0,7f2288a7c000,40000,2990,,,,,,,,
Artifact,,,,,,syscall,,,,,,,,,,,,memory,,,0,7f2288a6c000,10000,2990,,,,,,,,
Artifact,,,,,,syscall,,,,,,,,,,,,memory,,,0,7f2288a2c000,40000,2990,,,,,,,,
Artifact,,,,,,syscall,,,,,,,,,,,,unnamed pipe,,1,0,,,2981,,,11,12,,,,
Artifact,,,,,,syscall,,,,,,,,,,,/usr/libexec/docker/cli-plugins/docker-compose,file,0755,0,0,,,,,,,,,,,
Artifact,,,,,,syscall,,,,,,,,,,,,unnamed pipe,,1,0,,,2981,,,7,8,,,,
Artifact,,,,,,syscall,,,,,,,,,,,,unnamed pipe,,1,0,,,2981,,,9,10,,,,
Artifact,,,,,,syscall,,,,,,,,,,,,memory,,,0,7f99db848000,40000,2996,,,,,,,,
Artifact,,,,,,syscall,,,,,,,,,,,,memory,,,0,7f99db828000,20000,2996,,,,,,,,
Artifact,,,,,,syscall,,,,,,,,,,,,memory,,,0,7f99db728000,100000,2996,,,,,,,,
Artifact,,,,,,syscall,,,,,,,,,,,,memory,,,0,7f99daf28000,800000,2996,,,,,,,,
Artifact,,,,,,syscall,,,,,,,,,,,,memory,,,0,7f99d6f28000,4000000,2996,,,,,,,,
Artifact,,,,,,syscall,,,,,,,,,,,,memory,,,0,7f99b6f28000,20000000,2996,,,,,,,,
Artifact,,,,,,syscall,,,,,,,,,,,,memory,,,0,7f99b6728000,800000,2996,,,,,,,,
Artifact,,,,,,syscall,,,,,,,,,,,,memory,,,0,c000000000,4000000,2996,,,,,,,,
Artifact,,,,,,syscall,,,,,,,,,,,,memory,,,0,7f99b4728000,2000000,2996,,,,,,,,
Artifact,,,,,,syscall,,,,,,,,,,,,memory,,,0,7f99b4517000,210c10,2996,,,,,,,,
Artifact,,,,,,syscall,,,,,,,,,,,,memory,,,0,c000000000,400000,2996,,,,,,,,
Artifact,,,,,,syscall,,,,,,,,,,,,memory,,,1,7f99db828000,20000,2996,,,,,,,,
Artifact,,,,,,syscall,,,,,,,,,,,,memory,,,0,7f99db7a8000,1000,2996,,,,,,,,
Artifact,,,,,,syscall,,,,,,,,,,,,memory,,,0,7f99db32e000,1000,2996,,,,,,,,
Artifact,,,,,,syscall,,,,,,,,,,,,memory,,,0,7f99d8f58000,1000,2996,,,,,,,,
Artifact,,,,,,syscall,,,,,,,,,,,,memory,,,0,7f99c70a8000,1000,2996,,,,,,,,
Artifact,,,,,,syscall,,,,,,,,,,,,memory,,,0,7f99b6728000,407000,2996,,,,,,,,
Artifact,,,,,,syscall,,,,,,,,,,,,memory,,,0,7f99b6800000,200000,2996,,,,,,,,
Artifact,,,,,,syscall,,,,,,,,,,,,memory,,,0,7f99b4417000,100000,2996,,,,,,,,
Artifact,,,,,,syscall,,,,,,,,,,,,memory,,,0,7f99b4407000,10000,2996,,,,,,,,
Artifact,,,,,,syscall,,,,,,,,,,,,memory,,,0,7f99b43f7000,10000,2996,,,,,,,,
Artifact,,,,,,syscall,,,,,,,,,,,,memory,,,0,7f99b43b7000,40000,2996,,,,,,,,
Artifact,,,,,,syscall,,,,,,,,,,,,memory,,,0,c000400000,400000,2996,,,,,,,,
Artifact,,,,,,syscall,,,,,,,,,,,,memory,,,0,7f99b4377000,40000,2996,,,,,,,,
Artifact,,,,,,syscall,,,,,,,,,,,,memory,,,0,7f99b4367000,10000,2996,,,,,,,,
Artifact,,,,,,syscall,,,,,,,,,,,,memory,,,0,7f99b4327000,40000,2996,,,,,,,,
Artifact,,,,,,syscall,,,,,,,,,,,,memory,,,0,7f99b42e7000,40000,2996,,,,,,,,
Artifact,,,,,,syscall,,,,,,,,,,,,memory,,,0,7f99b42a7000,40000,2996,,,,,,,,
Artifact,,,,,,syscall,,,,,,,,,,,,memory,,,0,7f99b4297000,10000,2996,,,,,,,,
Artifact,,,,,,syscall,,,,,,,,,,,,memory,,,0,7f99b4257000,40000,2996,,,,,,,,
Artifact,,,,,,syscall,,,,,,,,,,,,memory,,,0,7f99b4217000,40000,2996,,,,,,,,
Artifact,,,,,,syscall,,,,,,,,,,,/usr/libexec/docker/cli-plugins/docker-scan,file,0755,0,0,,,,,,,,,,,
Artifact,,,,,,syscall,,,,,,,,,,,,memory,,,0,7f4ed58c1000,40000,3001,,,,,,,,
Artifact,,,,,,syscall,,,,,,,,,,,,memory,,,0,7f4ed58a1000,20000,3001,,,,,,,,
Artifact,,,,,,syscall,,,,,,,,,,,,memory,,,0,7f4ed57a1000,100000,3001,,,,,,,,
Artifact,,,,,,syscall,,,,,,,,,,,,memory,,,0,7f4ed4fa1000,800000,3001,,,,,,,,
Artifact,,,,,,syscall,,,,,,,,,,,,memory,,,0,7f4ed0fa1000,4000000,3001,,,,,,,,
Artifact,,,,,,syscall,,,,,,,,,,,,memory,,,0,7f4eb0fa1000,20000000,3001,,,,,,,,
Artifact,,,,,,syscall,,,,,,,,,,,,memory,,,0,c000000000,4000000,3001,,,,,,,,
Artifact,,,,,,syscall,,,,,,,,,,,,memory,,,0,7f4eaefa1000,2000000,3001,,,,,,,,
Artifact,,,,,,syscall,,,,,,,,,,,,memory,,,0,7f4eaed90000,210c10,3001,,,,,,,,
Artifact,,,,,,syscall,,,,,,,,,,,,memory,,,0,c000000000,400000,3001,,,,,,,,
Artifact,,,,,,syscall,,,,,,,,,,,,memory,,,1,7f4ed58a1000,20000,3001,,,,,,,,
Artifact,,,,,,syscall,,,,,,,,,,,,memory,,,0,7f4ed5821000,1000,3001,,,,,,,,
Artifact,,,,,,syscall,,,,,,,,,,,,memory,,,0,7f4ed53a7000,1000,3001,,,,,,,,
Artifact,,,,,,syscall,,,,,,,,,,,,memory,,,0,7f4ed2fd1000,1000,3001,,,,,,,,
Artifact,,,,,,syscall,,,,,,,,,,,,memory,,,0,7f4ec1121000,1000,3001,,,,,,,,
Artifact,,,,,,syscall,,,,,,,,,,,,memory,,,0,7f4eaec90000,100000,3001,,,,,,,,
Artifact,,,,,,syscall,,,,,,,,,,,,memory,,,0,7f4eaec80000,10000,3001,,,,,,,,
Artifact,,,,,,syscall,,,,,,,,,,,,memory,,,0,7f4eaec70000,10000,3001,,,,,,,,
Artifact,,,,,,syscall,,,,,,,,,,,,memory,,,0,7f4eaec30000,40000,3001,,,,,,,,
Artifact,,,,,,syscall,,,,,,,,,,,,unnamed pipe,,2,0,,,2981,,,11,12,,,,
Artifact,,,,,,syscall,,,,,,,,,,,,unnamed pipe,,2,0,,,2981,,,7,8,,,,
Artifact,,,,,,syscall,,,,,,,,,,,,unnamed pipe,,2,0,,,2981,,,9,10,,,,
Artifact,,,,,,syscall,,,,,,,,,,,,memory,,,1,c000400000,400000,2981,,,,,,,,
Artifact,,,,,,syscall,,,,,,,,,,,/var/lib/docker/overlay2/18f70c996805645befc4fb5a3c729ebe4222556fed9b9c4d7290cd7e222f80df/lower,file,0644,0,0,,,,,,,,,,,
Artifact,,,,,,syscall,,,,,,,,,,,/proc/1104/mountinfo,file,0444,0,0,,,,,,,,,,,
Artifact,,,,,,syscall,,,,,,,,,,,/proc/766/mountinfo,file,0444,0,0,,,,,,,,,,,
Artifact,,,,,,syscall,,,,,,,,,,,/proc/936/mountinfo,file,0444,0,0,,,,,,,,,,,
Artifact,,,,,,syscall,,,,,,,,,,,/proc/swaps,file,0444,0,0,,,,,,,,,,,
Artifact,,,,,,syscall,,,,,,,,,,,/run/mount/utab,file,0644,0,0,,,,,,,,,,,
Artifact,,,,,,syscall,,,,,,,,,,,,unnamed pipe,,0,0,,,766,,,15,16,,,,
Artifact,,,,,,syscall,,,,,,,,,,,,unnamed pipe,,0,0,,,766,,,17,18,,,,
Artifact,,,,,,syscall,,,,,,,,,,,,unnamed pipe,,0,0,,,766,,,19,20,,,,
Artifact,,,,,,syscall,,,,,,,,,,,/,directory,0755,0,0,,,,,,,,,,,
Artifact,,,,,,syscall,,,,,,,,,,,/sys,directory,0555,0,0,,,,,,,,,,,
Artifact,,,,,,syscall,,,,,,,,,,,/proc/3008/fd,directory,0500,0,0,,,,,,,,,,,
Artifact,,,,,,syscall,,,,,,,,,,,/sys/dev,directory,0755,0,0,,,,,,,,,,,
Artifact,,,,,,syscall,,,,,,,,,,,/sys/dev/block,directory,0755,0,0,,,,,,,,,,,
Artifact,,,,,,syscall,,,,,,,,,,,/sys/dev/block/8:1,link,0777,0,0,,,,,,,,,,,
Artifact,,,,,,syscall,,,,,,,,,,,/sys/devices,directory,0755,0,0,,,,,,,,,,,
Artifact,,,,,,syscall,,,,,,,,,,,/sys/devices/pci0000:00,directory,0755,0,0,,,,,,,,,,,
Artifact,,,,,,syscall,,,,,,,,,,,/sys/devices/pci0000:00/0000:00:10.0,directory,0755,0,0,,,,,,,,,,,
Artifact,,,,,,syscall,,,,,,,,,,,/sys/devices/pci0000:00/0000:00:10.0/host32,directory,0755,0,0,,,,,,,,,,,
Artifact,,,,,,syscall,,,,,,,,,,,/sys/devices/pci0000:00/0000:00:10.0/host32/target32:0:0,directory,0755,0,0,,,,,,,,,,,
Artifact,,,,,,syscall,,,,,,,,,,,/sys/devices/pci0000:00/0000:00:10.0/host32/target32:0:0/32:0:0:0,directory,0755,0,0,,,,,,,,,,,
Artifact,,,,,,syscall,,,,,,,,,,,/sys/devices/pci0000:00/0000:00:10.0/host32/target32:0:0/32:0:0:0/block,directory,0755,0,0,,,,,,,,,,,
Artifact,,,,,,syscall,,,,,,,,,,,/sys/devices/pci0000:00/0000:00:10.0/host32/target32:0:0/32:0:0:0/block/sda,directory,0755,0,0,,,,,,,,,,,
Artifact,,,,,,syscall,,,,,,,,,,,/sys/devices/pci0000:00/0000:00:10.0/host32/target32:0:0/32:0:0:0/block/sda/sda1,directory,0755,0,0,,,,,,,,,,,
Artifact,,,,,,syscall,,,,,,,,,,,/sys/devices/pci0000:00/0000:00:10.0/host32/target32:0:0/32:0:0:0/block/sda/sda1/uevent,file,0644,0,0,,,,,,,,,,,
Artifact,,,,,,syscall,,,,,,,,,,,/run/udev/data/b8:1,file,0644,0,0,,,,,,,,,,,
Artifact,,,,,,syscall,,,,,,,,,,,/sys/dev/block/7:2,link,0777,0,0,,,,,,,,,,,
Artifact,,,,,,syscall,,,,,,,,,,,/sbin/dumpe2fs,file,0755,0,0,,,,,,,,,,,
Artifact,,,,,,syscall,,,,,,,,,,,/etc/fstab,file,0664,0,0,,,,,,,,,,,
Artifact,,,,,,syscall,,,,,,,,,,,/proc/976/mountinfo,file,0444,0,0,,,,,,,,,,,
Artifact,,,,,,syscall,,,,,,,,,,,,memory,,,0,7f5931810000,13817,3008,,,,,,,,
Artifact,,,,,,syscall,,,,,,,,,,,/lib/x86_64-linux-gnu/libext2fs.so.2,file,0644,0,0,,,,,,,,,,,
Artifact,,,,,,syscall,,,,,,,,,,,,memory,,,0,7f593180e000,2000,3008,,,,,,,,
Artifact,,,,,,syscall,,,,,,,,,,,,memory,,,0,7f59313ac000,24ec68,3008,,,,,,,,
Artifact,,,,,,syscall,,,,,,,,,,,,memory,,,0,7f59313f9000,200000,3008,,,,,,,,
Artifact,,,,,,syscall,,,,,,,,,,,,memory,,,0,7f59315f9000,2000,3008,,,,,,,,
Artifact,,,,,,syscall,,,,,,,,,,,/lib/x86_64-linux-gnu/libcom_err.so.2,file,0644,0,0,,,,,,,,,,,
Artifact,,,,,,syscall,,,,,,,,,,,,memory,,,0,7f59311a8000,2030a8,3008,,,,,,,,
Artifact,,,,,,syscall,,,,,,,,,,,,memory,,,0,7f59311ab000,1ff000,3008,,,,,,,,
Artifact,,,,,,syscall,,,,,,,,,,,,memory,,,0,7f59313aa000,2000,3008,,,,,,,,
Artifact,,,,,,syscall,,,,,,,,,,,/lib/x86_64-linux-gnu/libe2p.so.2,file,0644,0,0,,,,,,,,,,,
Artifact,,,,,,syscall,,,,,,,,,,,,memory,,,0,7f5930f9f000,208928,3008,,,,,,,,
Artifact,,,,,,syscall,,,,,,,,,,,,memory,,,0,7f5930fa6000,200000,3008,,,,,,,,
Artifact,,,,,,syscall,,,,,,,,,,,,memory,,,0,7f59311a6000,2000,3008,,,,,,,,
Artifact,,,,,,syscall,,,,,,,,,,,/lib/x86_64-linux-gnu/libblkid.so.1,file,0644,0,0,,,,,,,,,,,
Artifact,,,,,,syscall,,,,,,,,,,,,memory,,,0,7f5930d52000,24cd00,3008,,,,,,,,
Artifact,,,,,,syscall,,,,,,,,,,,,memory,,,0,7f5930d99000,200000,3008,,,,,,,,
Artifact,,,,,,syscall,,,,,,,,,,,,memory,,,0,7f5930f99000,5000,3008,,,,,,,,
Artifact,,,,,,syscall,,,,,,,,,,,,memory,,,0,7f5930f9e000,d00,3008,,,,,,,,
Artifact,,,,,,syscall,,,,,,,,,,,,memory,,,0,7f5930961000,3f0ae0,3008,,,,,,,,
Artifact,,,,,,syscall,,,,,,,,,,,,memory,,,0,7f5930b48000,200000,3008,,,,,,,,
Artifact,,,,,,syscall,,,,,,,,,,,,memory,,,0,7f5930d48000,6000,3008,,,,,,,,
Artifact,,,,,,syscall,,,,,,,,,,,,memory,,,0,7f5930d4e000,3ae0,3008,,,,,,,,
Artifact,,,,,,syscall,,,,,,,,,,,,memory,,,0,7f5930742000,21e480,3008,,,,,,,,
Artifact,,,,,,syscall,,,,,,,,,,,,memory,,,0,7f593075c000,1ff000,3008,,,,,,,,
Artifact,,,,,,syscall,,,,,,,,,,,,memory,,,0,7f593095b000,2000,3008,,,,,,,,
Artifact,,,,,,syscall,,,,,,,,,,,,memory,,,0,7f593095d000,3480,3008,,,,,,,,
Artifact,,,,,,syscall,,,,,,,,,,,/lib/x86_64-linux-gnu/libuuid.so.1,file,0644,0,0,,,,,,,,,,,
Artifact,,,,,,syscall,,,,,,,,,,,,memory,,,0,7f593180c000,2000,3008,,,,,,,,
Artifact,,,,,,syscall,,,,,,,,,,,,memory,,,0,7f593053b000,206180,3008,,,,,,,,
Artifact,,,,,,syscall,,,,,,,,,,,,memory,,,0,7f5930541000,1ff000,3008,,,,,,,,
Artifact,,,,,,syscall,,,,,,,,,,,,memory,,,0,7f5930740000,2000,3008,,,,,,,,
Artifact,,,,,,syscall,,,,,,,,,,,,memory,,,0,7f5931809000,3000,3008,,,,,,,,
Artifact,,,,,,syscall,,,,,,,,,,,,memory,,,0,7f5930d48000,4000,3008,,,,,,,,
Artifact,,,,,,syscall,,,,,,,,,,,,memory,,,0,7f5930740000,1000,3008,,,,,,,,
Artifact,,,,,,syscall,,,,,,,,,,,,memory,,,0,7f593095b000,1000,3008,,,,,,,,
Artifact,,,,,,syscall,,,,,,,,,,,,memory,,,0,7f5930f99000,4000,3008,,,,,,,,
Artifact,,,,,,syscall,,,,,,,,,,,,memory,,,0,7f59311a6000,1000,3008,,,,,,,,
Artifact,,,,,,syscall,,,,,,,,,,,,memory,,,0,7f59313aa000,1000,3008,,,,,,,,
Artifact,,,,,,syscall,,,,,,,,,,,,memory,,,0,7f59315f9000,1000,3008,,,,,,,,
Artifact,,,,,,syscall,,,,,,,,,,,,memory,,,0,5566b331c000,1000,3008,,,,,,,,
Artifact,,,,,,syscall,,,,,,,,,,,,memory,,,0,7f5931824000,1000,3008,,,,,,,,
Artifact,,,,,,syscall,,,,,,,,,,,/dev/sda1,block device,0660,0,0,,,,,,,,,,,
Artifact,,,,,,syscall,,,,,,,,,,,/etc/localtime,file,0644,0,0,,,,,,,,,,,
Artifact,,,,,,syscall,,,,,,,,,,,/etc/nsswitch.conf,file,0644,0,0,,,,,,,,,,,
Artifact,,,,,,syscall,,,,,,,,,,,,memory,,,1,7f5931810000,13817,3008,,,,,,,,
Artifact,,,,,,syscall,,,,,,,,,,,/lib/x86_64-linux-gnu/libnss_compat.so.2,file,0644,0,0,,,,,,,,,,,
Artifact,,,,,,syscall,,,,,,,,,,,,memory,,,0,7f5930331000,2098c0,3008,,,,,,,,
Artifact,,,,,,syscall,,,,,,,,,,,,memory,,,0,7f5930339000,200000,3008,,,,,,,,
Artifact,,,,,,syscall,,,,,,,,,,,,memory,,,0,7f5930539000,2000,3008,,,,,,,,
Artifact,,,,,,syscall,,,,,,,,,,,,memory,,,0,7f5930539000,1000,3008,,,,,,,,
Artifact,,,,,,syscall,,,,,,,,,,,,memory,,,2,7f5931810000,13817,3008,,,,,,,,
Artifact,,,,,,syscall,,,,,,,,,,,/lib/x86_64-linux-gnu/libnss_nis.so.2,file,0644,0,0,,,,,,,,,,,
Artifact,,,,,,syscall,,,,,,,,,,,,memory,,,0,7f5930125000,20b588,3008,,,,,,,,
Artifact,,,,,,syscall,,,,,,,,,,,,memory,,,0,7f5930130000,1ff000,3008,,,,,,,,
Artifact,,,,,,syscall,,,,,,,,,,,,memory,,,0,7f593032f000,2000,3008,,,,,,,,
Artifact,,,,,,syscall,,,,,,,,,,,/lib/x86_64-linux-gnu/libnsl.so.1,file,0644,0,0,,,,,,,,,,,
Artifact,,,,,,syscall,,,,,,,,,,,,memory,,,0,7f592ff0b000,219a58,3008,,,,,,,,
Artifact,,,,,,syscall,,,,,,,,,,,,memory,,,0,7f592ff22000,1ff000,3008,,,,,,,,
Artifact,,,,,,syscall,,,,,,,,,,,,memory,,,0,7f5930121000,2000,3008,,,,,,,,
Artifact,,,,,,syscall,,,,,,,,,,,,memory,,,0,7f5930123000,1a58,3008,,,,,,,,
Artifact,,,,,,syscall,,,,,,,,,,,/lib/x86_64-linux-gnu/libnss_files.so.2,file,0644,0,0,,,,,,,,,,,
Artifact,,,,,,syscall,,,,,,,,,,,,memory,,,0,7f592fcf9000,211738,3008,,,,,,,,
Artifact,,,,,,syscall,,,,,,,,,,,,memory,,,0,7f592fd04000,1ff000,3008,,,,,,,,
Artifact,,,,,,syscall,,,,,,,,,,,,memory,,,0,7f592ff03000,2000,3008,,,,,,,,
Artifact,,,,,,syscall,,,,,,,,,,,,memory,,,0,7f592ff05000,5738,3008,,,,,,,,
Artifact,,,,,,syscall,,,,,,,,,,,,memory,,,0,7f592ff03000,1000,3008,,,,,,,,
Artifact,,,,,,syscall,,,,,,,,,,,,memory,,,0,7f5930121000,1000,3008,,,,,,,,
Artifact,,,,,,syscall,,,,,,,,,,,,memory,,,0,7f593032f000,1000,3008,,,,,,,,
Artifact,,,,,,syscall,,,,,,,,,,,,memory,,,0,7f5931823000,967,3008,,,,,,,,
Artifact,,,,,,syscall,,,,,,,,,,,/etc/group,file,0644,0,0,,,,,,,,,,,
Artifact,,,,,,syscall,,,,,,,,,,,,memory,,,0,7f5931823000,392,3008,,,,,,,,
Artifact,,,,,,syscall,,,,,,,,,,,,unnamed pipe,,1,0,,,766,,,15,16,,,,
Artifact,,,,,,syscall,,,,,,,,,,,,unnamed pipe,,1,0,,,766,,,17,18,,,,
Artifact,,,,,,syscall,,,,,,,,,,,,unnamed pipe,,1,0,,,766,,,19,20,,,,
Artifact,,,,,,syscall,,,,,,,,,,,/proc/3010/fd,directory,0500,0,0,,,,,,,,,,,
Artifact,,,,,,syscall,,,,,,,,,,,,memory,,,0,7efffbde9000,13817,3010,,,,,,,,
Artifact,,,,,,syscall,,,,,,,,,,,,memory,,,0,7efffbde7000,2000,3010,,,,,,,,
Artifact,,,,,,syscall,,,,,,,,,,,,memory,,,0,7efffb985000,24ec68,3010,,,,,,,,
Artifact,,,,,,syscall,,,,,,,,,,,,memory,,,0,7efffb9d2000,200000,3010,,,,,,,,
Artifact,,,,,,syscall,,,,,,,,,,,,memory,,,0,7efffbbd2000,2000,3010,,,,,,,,
Artifact,,,,,,syscall,,,,,,,,,,,/sys/devices/virtual,directory,0755,0,0,,,,,,,,,,,
Artifact,,,,,,syscall,,,,,,,,,,,/sys/devices/virtual/block,directory,0755,0,0,,,,,,,,,,,
Artifact,,,,,,syscall,,,,,,,,,,,,memory,,,0,7efffb781000,2030a8,3010,,,,,,,,
Artifact,,,,,,syscall,,,,,,,,,,,,memory,,,0,7efffb784000,1ff000,3010,,,,,,,,
Artifact,,,,,,syscall,,,,,,,,,,,,memory,,,0,7efffb983000,2000,3010,,,,,,,,
Artifact,,,,,,syscall,,,,,,,,,,,/sys/devices/virtual/block/loop2,directory,0755,0,0,,,,,,,,,,,
Artifact,,,,,,syscall,,,,,,,,,,,/sys/devices/virtual/block/loop2/uevent,file,0644,0,0,,,,,,,,,,,
Artifact,,,,,,syscall,,,,,,,,,,,,memory,,,0,7efffb578000,208928,3010,,,,,,,,
Artifact,,,,,,syscall,,,,,,,,,,,/run/udev/data/b7:2,file,0644,0,0,,,,,,,,,,,
Artifact,,,,,,syscall,,,,,,,,,,,,memory,,,0,7efffb57f000,200000,3010,,,,,,,,
Artifact,,,,,,syscall,,,,,,,,,,,,memory,,,0,7efffb77f000,2000,3010,,,,,,,,
Artifact,,,,,,syscall,,,,,,,,,,,,memory,,,0,7efffb32b000,24cd00,3010,,,,,,,,
Artifact,,,,,,syscall,,,,,,,,,,,,memory,,,0,7efffb372000,200000,3010,,,,,,,,
Artifact,,,,,,syscall,,,,,,,,,,,,memory,,,0,7efffb572000,5000,3010,,,,,,,,
Artifact,,,,,,syscall,,,,,,,,,,,/sys/dev/block/7:0,link,0777,0,0,,,,,,,,,,,
Artifact,,,,,,syscall,,,,,,,,,,,,memory,,,0,7efffb577000,d00,3010,,,,,,,,
Artifact,,,,,,syscall,,,,,,,,,,,,memory,,,0,7efffaf3a000,3f0ae0,3010,,,,,,,,
Artifact,,,,,,syscall,,,,,,,,,,,,memory,,,0,7efffb121000,200000,3010,,,,,,,,
Artifact,,,,,,syscall,,,,,,,,,,,,memory,,,0,7efffb321000,6000,3010,,,,,,,,
Artifact,,,,,,syscall,,,,,,,,,,,,memory,,,0,7efffb327000,3ae0,3010,,,,,,,,
Artifact,,,,,,syscall,,,,,,,,,,,,memory,,,0,7efffad1b000,21e480,3010,,,,,,,,
Artifact,,,,,,syscall,,,,,,,,,,,,memory,,,0,7efffad35000,1ff000,3010,,,,,,,,
Artifact,,,,,,syscall,,,,,,,,,,,,memory,,,0,7efffaf34000,2000,3010,,,,,,,,
Artifact,,,,,,syscall,,,,,,,,,,,,memory,,,0,7efffaf36000,3480,3010,,,,,,,,
Artifact,,,,,,syscall,,,,,,,,,,,/sys/devices/virtual/block/loop0,directory,0755,0,0,,,,,,,,,,,
Artifact,,,,,,syscall,,,,,,,,,,,,memory,,,0,7efffbde5000,2000,3010,,,,,,,,
Artifact,,,,,,syscall,,,,,,,,,,,,memory,,,0,7efffab14000,206180,3010,,,,,,,,
Artifact,,,,,,syscall,,,,,,,,,,,/sys/devices/virtual/block/loop0/uevent,file,0644,0,0,,,,,,,,,,,
Artifact,,,,,,syscall,,,,,,,,,,,/run/udev/data/b7:0,file,0644,0,0,,,,,,,,,,,
Artifact,,,,,,syscall,,,,,,,,,,,,memory,,,0,7efffab1a000,1ff000,3010,,,,,,,,
Artifact,,,,,,syscall,,,,,,,,,,,,memory,,,0,7efffad19000,2000,3010,,,,,,,,
Artifact,,,,,,syscall,,,,,,,,,,,,memory,,,0,7efffbde2000,3000,3010,,,,,,,,
Artifact,,,,,,syscall,,,,,,,,,,,,memory,,,0,7efffb321000,4000,3010,,,,,,,,
Artifact,,,,,,syscall,,,,,,,,,,,,memory,,,0,7efffad19000,1000,3010,,,,,,,,
Artifact,,,,,,syscall,,,,,,,,,,,,memory,,,0,7efffaf34000,1000,3010,,,,,,,,
Artifact,,,,,,syscall,,,,,,,,,,,,memory,,,0,7efffb572000,4000,3010,,,,,,,,
Artifact,,,,,,syscall,,,,,,,,,,,,memory,,,0,7efffb77f000,1000,3010,,,,,,,,
Artifact,,,,,,syscall,,,,,,,,,,,,memory,,,0,7efffb983000,1000,3010,,,,,,,,
Artifact,,,,,,syscall,,,,,,,,,,,,memory,,,0,7efffbbd2000,1000,3010,,,,,,,,
Artifact,,,,,,syscall,,,,,,,,,,,,memory,,,0,56438b412000,1000,3010,,,,,,,,
Artifact,,,,,,syscall,,,,,,,,,,,,memory,,,0,7efffbdfd000,1000,3010,,,,,,,,
Artifact,,,,,,syscall,,,,,,,,,,,/sys/dev/block/7:3,link,0777,0,0,,,,,,,,,,,
Artifact,,,,,,syscall,,,,,,,,,,,/sys/devices/virtual/block/loop3,directory,0755,0,0,,,,,,,,,,,
Artifact,,,,,,syscall,,,,,,,,,,,/sys/devices/virtual/block/loop3/uevent,file,0644,0,0,,,,,,,,,,,
Artifact,,,,,,syscall,,,,,,,,,,,/run/udev/data/b7:3,file,0644,0,0,,,,,,,,,,,
Artifact,,,,,,syscall,,,,,,,,,,,/sys/dev/block/7:4,link,0777,0,0,,,,,,,,,,,
Artifact,,,,,,syscall,,,,,,,,,,,,memory,,,1,7efffbde9000,13817,3010,,,,,,,,
Artifact,,,,,,syscall,,,,,,,,,,,,memory,,,0,7efffa90a000,2098c0,3010,,,,,,,,
Artifact,,,,,,syscall,,,,,,,,,,,,memory,,,0,7efffa912000,200000,3010,,,,,,,,
Artifact,,,,,,syscall,,,,,,,,,,,,memory,,,0,7efffab12000,2000,3010,,,,,,,,
Artifact,,,,,,syscall,,,,,,,,,,,,memory,,,0,7efffab12000,1000,3010,,,,,,,,
Artifact,,,,,,syscall,,,,,,,,,,,,memory,,,2,7efffbde9000,13817,3010,,,,,,,,
Artifact,,,,,,syscall,,,,,,,,,,,/sys/devices/virtual/block/loop4,directory,0755,0,0,,,,,,,,,,,
Artifact,,,,,,syscall,,,,,,,,,,,,memory,,,0,7efffa6fe000,20b588,3010,,,,,,,,
Artifact,,,,,,syscall,,,,,,,,,,,,memory,,,0,7efffa709000,1ff000,3010,,,,,,,,
Artifact,,,,,,syscall,,,,,,,,,,,,memory,,,0,7efffa908000,2000,3010,,,,,,,,
Artifact,,,,,,syscall,,,,,,,,,,,/sys/devices/virtual/block/loop4/uevent,file,0644,0,0,,,,,,,,,,,
Artifact,,,,,,syscall,,,,,,,,,,,/run/udev/data/b7:4,file,0644,0,0,,,,,,,,,,,
Artifact,,,,,,syscall,,,,,,,,,,,,memory,,,0,7efffa4e4000,219a58,3010,,,,,,,,
Artifact,,,,,,syscall,,,,,,,,,,,,memory,,,0,7efffa4fb000,1ff000,3010,,,,,,,,
Artifact,,,,,,syscall,,,,,,,,,,,,memory,,,0,7efffa6fa000,2000,3010,,,,,,,,
Artifact,,,,,,syscall,,,,,,,,,,,,memory,,,0,7efffa6fc000,1a58,3010,,,,,,,,
Artifact,,,,,,syscall,,,,,,,,,,,,memory,,,0,7efffa2d2000,211738,3010,,,,,,,,
Artifact,,,,,,syscall,,,,,,,,,,,,memory,,,0,7efffa2dd000,1ff000,3010,,,,,,,,
Artifact,,,,,,syscall,,,,,,,,,,,,memory,,,0,7efffa4dc000,2000,3010,,,,,,,,
Artifact,,,,,,syscall,,,,,,,,,,,,memory,,,0,7efffa4de000,5738,3010,,,,,,,,
Artifact,,,,,,syscall,,,,,,,,,,,/sys/dev/block/7:6,link,0777,0,0,,,,,,,,,,,
Artifact,,,,,,syscall,,,,,,,,,,,,memory,,,0,7efffa4dc000,1000,3010,,,,,,,,
Artifact,,,,,,syscall,,,,,,,,,,,,memory,,,0,7efffa6fa000,1000,3010,,,,,,,,
Artifact,,,,,,syscall,,,,,,,,,,,,memory,,,0,7efffa908000,1000,3010,,,,,,,,
Artifact,,,,,,syscall,,,,,,,,,,,,memory,,,0,7efffbdfc000,967,3010,,,,,,,,
Artifact,,,,,,syscall,,,,,,,,,,,,memory,,,0,7efffbdfc000,392,3010,,,,,,,,
Artifact,,,,,,syscall,,,,,,,,,,,/sys/devices/virtual/block/loop6,directory,0755,0,0,,,,,,,,,,,
Artifact,,,,,,syscall,,,,,,,,,,,/sys/devices/virtual/block/loop6/uevent,file,0644,0,0,,,,,,,,,,,
Artifact,,,,,,syscall,,,,,,,,,,,/run/udev/data/b7:6,file,0644,0,0,,,,,,,,,,,
Artifact,,,,,,syscall,,,,,,,,,,,/sys/dev/block/7:5,link,0777,0,0,,,,,,,,,,,
Artifact,,,,,,syscall,,,,,,,,,,,,unnamed pipe,,2,0,,,766,,,15,16,,,,
Artifact,,,,,,syscall,,,,,,,,,,,,unnamed pipe,,2,0,,,766,,,17,18,,,,
Artifact,,,,,,syscall,,,,,,,,,,,,unnamed pipe,,2,0,,,766,,,19,20,,,,
Artifact,,,,,,syscall,,,,,,,,,,,/proc/3011/fd,directory,0500,0,0,,,,,,,,,,,
Artifact,,,,,,syscall,,,,,,,,,,,/sys/devices/virtual/block/loop5,directory,0755,0,0,,,,,,,,,,,
Artifact,,,,,,syscall,,,,,,,,,,,/sys/devices/virtual/block/loop5/uevent,file,0644,0,0,,,,,,,,,,,
Artifact,,,,,,syscall,,,,,,,,,,,,memory,,,0,7f2a95ad0000,2000,3011,,,,,,,,
Artifact,,,,,,syscall,,,,,,,,,,,,unknown,,0,0,,,3011,,,,,,,3,
Artifact,,,,,,syscall,,,,,,,,,,,,memory,,,0,7f2a95ad2000,3480,3011,,,,,,,,
Artifact,,,,,,syscall,,,,,,,,,,,,memory,,,0,7f2a96981000,2000,3011,,,,,,,,
Artifact,,,,,,syscall,,,,,,,,,,,,memory,,,0,7f2a956b0000,206180,3011,,,,,,,,
Artifact,,,,,,syscall,,,,,,,,,,,,memory,,,0,7f2a956b6000,1ff000,3011,,,,,,,,
Artifact,,,,,,syscall,,,,,,,,,,,,memory,,,0,7f2a958b5000,2000,3011,,,,,,,,
Artifact,,,,,,syscall,,,,,,,,,,,,memory,,,0,7f2a9697e000,3000,3011,,,,,,,,
Artifact,,,,,,syscall,,,,,,,,,,,,memory,,,0,7f2a95ebd000,4000,3011,,,,,,,,
Artifact,,,,,,syscall,,,,,,,,,,,,memory,,,0,7f2a958b5000,1000,3011,,,,,,,,
Artifact,,,,,,syscall,,,,,,,,,,,,memory,,,0,7f2a95ad0000,1000,3011,,,,,,,,
Artifact,,,,,,syscall,,,,,,,,,,,,memory,,,0,7f2a9610e000,4000,3011,,,,,,,,
Artifact,,,,,,syscall,,,,,,,,,,,,memory,,,0,7f2a9631b000,1000,3011,,,,,,,,
Artifact,,,,,,syscall,,,,,,,,,,,,memory,,,0,7f2a9651f000,1000,3011,,,,,,,,
Artifact,,,,,,syscall,,,,,,,,,,,,memory,,,0,7f2a9676e000,1000,3011,,,,,,,,
Artifact,,,,,,syscall,,,,,,,,,,,,memory,,,0,55a5f5721000,1000,3011,,,,,,,,
Artifact,,,,,,syscall,,,,,,,,,,,,memory,,,0,7f2a96999000,1000,3011,,,,,,,,
Artifact,,,,,,syscall,,,,,,,,,,,,memory,,,0,7f2a96985000,13817,3011,,,,,,,,
Artifact,,,,,,syscall,,,,,,,,,,,,memory,,,0,7f2a954a6000,2098c0,3011,,,,,,,,
Artifact,,,,,,syscall,,,,,,,,,,,,memory,,,0,7f2a954ae000,200000,3011,,,,,,,,
Artifact,,,,,,syscall,,,,,,,,,,,,memory,,,0,7f2a956ae000,2000,3011,,,,,,,,
Artifact,,,,,,syscall,,,,,,,,,,,,memory,,,0,7f2a956ae000,1000,3011,,,,,,,,
Artifact,,,,,,syscall,,,,,,,,,,,,memory,,,1,7f2a96985000,13817,3011,,,,,,,,
Artifact,,,,,,syscall,,,,,,,,,,,,memory,,,0,7f2a9529a000,20b588,3011,,,,,,,,
Artifact,,,,,,syscall,,,,,,,,,,,,memory,,,0,7f2a952a5000,1ff000,3011,,,,,,,,
Artifact,,,,,,syscall,,,,,,,,,,,/proc/3012/exe,file,0755,0,0,,,,,,,,,,,
Artifact,,,,,,syscall,,,,,,,,,,,,unnamed pipe,,0,0,,,1104,,,32,33,,,,
Artifact,,,,,,syscall,,,,,,,,,,,,unnamed pipe,,0,0,,,1104,,,27,29,,,,
Artifact,,,,,,syscall,,,,,,,,,,,,unnamed pipe,,0,0,,,1104,,,30,31,,,,
Artifact,,,,,,syscall,,,,,,,,,,,,unnamed pipe,,0,0,,,1104,,,25,26,,,,
Artifact,,,,,,syscall,,,,,,,,,,,,memory,,,0,7f2a954a4000,2000,3011,,,,,,,,
Artifact,,,,,,syscall,,,,,,,,,,,,memory,,,0,7f2a95080000,219a58,3011,,,,,,,,
Artifact,,,,,,syscall,,,,,,,,,,,,memory,,,0,7f2a95097000,1ff000,3011,,,,,,,,
Artifact,,,,,,syscall,,,,,,,,,,,,memory,,,0,7f2a95296000,2000,3011,,,,,,,,
Artifact,,,,,,syscall,,,,,,,,,,,,memory,,,0,7f2a95298000,1a58,3011,,,,,,,,
Artifact,,,,,,syscall,,,,,,,,,,,,memory,,,0,7f2a94e6e000,211738,3011,,,,,,,,
Artifact,,,,,,syscall,,,,,,,,,,,,memory,,,0,7f2a94e79000,1ff000,3011,,,,,,,,
Artifact,,,,,,syscall,,,,,,,,,,,,memory,,,0,7f2a95078000,2000,3011,,,,,,,,
Artifact,,,,,,syscall,,,,,,,,,,,,memory,,,0,7f2a9507a000,5738,3011,,,,,,,,
Artifact,,,,,,syscall,,,,,,,,,,,,memory,,,0,7f2a95078000,1000,3011,,,,,,,,
Artifact,,,,,,syscall,,,,,,,,,,,,memory,,,0,7f2a95296000,1000,3011,,,,,,,,
Artifact,,,,,,syscall,,,,,,,,,,,,memory,,,0,7f2a954a4000,1000,3011,,,,,,,,
Artifact,,,,,,syscall,,,,,,,,,,,,memory,,,0,7f2a96998000,967,3011,,,,,,,,
Artifact,,,,,,syscall,,,,,,,,,,,,memory,,,0,7f2a96998000,392,3011,,,,,,,,
Artifact,,,,,,syscall,,,,,,,,,,,,unnamed pipe,,3,0,,,766,,,15,16,,,,
Artifact,,,,,,syscall,,,,,,,,,,,,unnamed pipe,,3,0,,,766,,,17,18,,,,
Artifact,,,,,,syscall,,,,,,,,,,,,unnamed pipe,,3,0,,,766,,,19,20,,,,
Artifact,,,,,,syscall,,,,,,,,,,,/proc/3013/fd,directory,0500,0,0,,,,,,,,,,,
Artifact,,,,,,syscall,,,,,,,,,,,/sys/devices/virtual/block/loop7/uevent,file,0644,0,0,,,,,,,,,,,
Artifact,,,,,,syscall,,,,,,,,,,,/run/udev/data/b7:7,file,0644,0,0,,,,,,,,,,,
Artifact,,,,,,syscall,,,,,,,,,,,/sys/dev/block/7:9,link,0777,0,0,,,,,,,,,,,
Artifact,,,,,,syscall,,,,,,,,,,,/sys/devices/virtual/block/loop9,directory,0755,0,0,,,,,,,,,,,
Artifact,,,,,,syscall,,,,,,,,,,,/sys/devices/virtual/block/loop9/uevent,file,0644,0,0,,,,,,,,,,,
Artifact,,,,,,syscall,,,,,,,,,,,/run/udev/data/b7:9,file,0644,0,0,,,,,,,,,,,
Artifact,,,,,,syscall,,,,,,,,,,,/sys/dev/block/7:8,link,0777,0,0,,,,,,,,,,,
Artifact,,,,,,syscall,,,,,,,,,,,,memory,,,0,7f43ed585000,13817,3013,,,,,,,,
Artifact,,,,,,syscall,,,,,,,,,,,,memory,,,0,7f43ed583000,2000,3013,,,,,,,,
Artifact,,,,,,syscall,,,,,,,,,,,,memory,,,0,7f43ed121000,24ec68,3013,,,,,,,,
Artifact,,,,,,syscall,,,,,,,,,,,,memory,,,0,7f43ed16e000,200000,3013,,,,,,,,
Artifact,,,,,,syscall,,,,,,,,,,,,memory,,,0,7f43ed36e000,2000,3013,,,,,,,,
Artifact,,,,,,syscall,,,,,,,,,,,,memory,,,0,7f43ecf1d000,2030a8,3013,,,,,,,,
Artifact,,,,,,syscall,,,,,,,,,,,,memory,,,0,7f43ecf20000,1ff000,3013,,,,,,,,
Artifact,,,,,,syscall,,,,,,,,,,,,memory,,,0,7f43ed11f000,2000,3013,,,,,,,,
Artifact,,,,,,syscall,,,,,,,,,,,,memory,,,0,7f43ecd14000,208928,3013,,,,,,,,
Artifact,,,,,,syscall,,,,,,,,,,,,memory,,,0,7f43ecd1b000,200000,3013,,,,,,,,
Artifact,,,,,,syscall,,,,,,,,,,,,memory,,,0,7f43ecf1b000,2000,3013,,,,,,,,
Artifact,,,,,,syscall,,,,,,,,,,,,memory,,,0,7f43ecac7000,24cd00,3013,,,,,,,,
Artifact,,,,,,syscall,,,,,,,,,,,,memory,,,0,7f43ecb0e000,200000,3013,,,,,,,,
Artifact,,,,,,syscall,,,,,,,,,,,,memory,,,0,7f43ecd0e000,5000,3013,,,,,,,,
Artifact,,,,,,syscall,,,,,,,,,,,,memory,,,0,7f43ecd13000,d00,3013,,,,,,,,
Artifact,,,,,,syscall,,,,,,,,,,,,memory,,,0,7f43ec6d6000,3f0ae0,3013,,,,,,,,
Artifact,,,,,,syscall,,,,,,,,,,,,memory,,,0,7f43ec8bd000,200000,3013,,,,,,,,
Artifact,,,,,,syscall,,,,,,,,,,,,memory,,,0,7f43ecabd000,6000,3013,,,,,,,,
Artifact,,,,,,syscall,,,,,,,,,,,,memory,,,0,7f43ecac3000,3ae0,3013,,,,,,,,
Artifact,,,,,,syscall,,,,,,,,,,,/sys/devices/virtual/block/loop8,directory,0755,0,0,,,,,,,,,,,
Artifact,,,,,,syscall,,,,,,,,,,,/sys/devices/virtual/block/loop8/uevent,file,0644,0,0,,,,,,,,,,,
Artifact,,,,,,syscall,,,,,,,,,,,,memory,,,0,7f43ec4b7000,21e480,3013,,,,,,,,
Artifact,,,,,,syscall,,,,,,,,,,,,memory,,,0,7f43ec4d1000,1ff000,3013,,,,,,,,
Artifact,,,,,,syscall,,,,,,,,,,,,memory,,,0,7f43ec6d0000,2000,3013,,,,,,,,
Artifact,,,,,,syscall,,,,,,,,,,,/run/udev/data/b7:8,file,0644,0,0,,,,,,,,,,,
Artifact,,,,,,syscall,,,,,,,,,,,,memory,,,0,7f43ec6d2000,3480,3013,,,,,,,,
Artifact,,,,,,syscall,,,,,,,,,,,,memory,,,0,7f43ed581000,2000,3013,,,,,,,,
Artifact,,,,,,syscall,,,,,,,,,,,,memory,,,0,7f43ec2b0000,206180,3013,,,,,,,,
Artifact,,,,,,syscall,,,,,,,,,,,,memory,,,0,7f43ec2b6000,1ff000,3013,,,,,,,,
Artifact,,,,,,syscall,,,,,,,,,,,,memory,,,0,7f43ec4b5000,2000,3013,,,,,,,,
Artifact,,,,,,syscall,,,,,,,,,,,,memory,,,0,7f43ed57e000,3000,3013,,,,,,,,
Artifact,,,,,,syscall,,,,,,,,,,,/sys/dev/block/7:10,link,0777,0,0,,,,,,,,,,,
Artifact,,,,,,syscall,,,,,,,,,,,,memory,,,0,7f43ecabd000,4000,3013,,,,,,,,
Artifact,,,,,,syscall,,,,,,,,,,,,memory,,,0,7f43ec4b5000,1000,3013,,,,,,,,
Artifact,,,,,,syscall,,,,,,,,,,,,memory,,,0,7f43ec6d0000,1000,3013,,,,,,,,
Artifact,,,,,,syscall,,,,,,,,,,,,memory,,,0,7f8b8fe40000,13817,1104,,,,,,,,
Artifact,,,,,,syscall,,,,,,,,,,,/lib/x86_64-linux-gnu/libsystemd.so.0,file,0644,0,0,,,,,,,,,,,
Artifact,,,,,,syscall,,,,,,,,,,,,memory,,,0,7f8b8fe3e000,2000,1104,,,,,,,,
Artifact,,,,,,syscall,,,,,,,,,,,,memory,,,0,7f8b8f9a7000,283248,1104,,,,,,,,
Artifact,,,,,,syscall,,,,,,,,,,,,memory,,,0,7f8b8fa27000,1ff000,1104,,,,,,,,
Artifact,,,,,,syscall,,,,,,,,,,,,memory,,,0,7f8b8fc26000,4000,1104,,,,,,,,
Artifact,,,,,,syscall,,,,,,,,,,,,memory,,,0,7f8b8fc2a000,248,1104,,,,,,,,
Artifact,,,,,,syscall,,,,,,,,,,,,memory,,,0,7f8b8f788000,21e480,1104,,,,,,,,
Artifact,,,,,,syscall,,,,,,,,,,,,memory,,,0,7f8b8f7a2000,1ff000,1104,,,,,,,,
Artifact,,,,,,syscall,,,,,,,,,,,,memory,,,0,7f8b8f9a1000,2000,1104,,,,,,,,
Artifact,,,,,,syscall,,,,,,,,,,,,memory,,,0,7f8b8f9a3000,3480,1104,,,,,,,,
Artifact,,,,,,syscall,,,,,,,,,,,/lib/x86_64-linux-gnu/libseccomp.so.2,file,0644,0,0,,,,,,,,,,,
Artifact,,,,,,syscall,,,,,,,,,,,/sys/devices/virtual/block/loop10,directory,0755,0,0,,,,,,,,,,,
Artifact,,,,,,syscall,,,,,,,,,,,,memory,,,0,7f8b8f568000,21f160,1104,,,,,,,,
Artifact,,,,,,syscall,,,,,,,,,,,/sys/devices/virtual/block/loop10/uevent,file,0644,0,0,,,,,,,,,,,
Artifact,,,,,,syscall,,,,,,,,,,,/run/udev/data/b7:10,file,0644,0,0,,,,,,,,,,,
Artifact,,,,,,syscall,,,,,,,,,,,,memory,,,0,7f8b8f586000,200000,1104,,,,,,,,
Artifact,,,,,,syscall,,,,,,,,,,,,memory,,,0,7f8b8f786000,2000,1104,,,,,,,,
Artifact,,,,,,syscall,,,,,,,,,,,,memory,,,0,7f8b8f364000,203110,1104,,,,,,,,
Artifact,,,,,,syscall,,,,,,,,,,,,memory,,,0,7f8b8f367000,1ff000,1104,,,,,,,,
Artifact,,,,,,syscall,,,,,,,,,,,,memory,,,0,7f8b8f566000,2000,1104,,,,,,,,
Artifact,,,,,,syscall,,,,,,,,,,,/lib/x86_64-linux-gnu/libdevmapper.so.1.02.1,file,0644,0,0,,,,,,,,,,,
Artifact,,,,,,syscall,,,,,,,,,,,/sys/dev/block/7:13,link,0777,0,0,,,,,,,,,,,
Artifact,,,,,,syscall,,,,,,,,,,,,memory,,,0,7f8b8f0f9000,26a2d0,1104,,,,,,,,
Artifact,,,,,,syscall,,,,,,,,,,,,memory,,,0,7f8b8f15f000,1ff000,1104,,,,,,,,
Artifact,,,,,,syscall,,,,,,,,,,,,memory,,,0,7f8b8f35e000,5000,1104,,,,,,,,
Artifact,,,,,,syscall,,,,,,,,,,,,memory,,,0,7f8b8f363000,2d0,1104,,,,,,,,
Artifact,,,,,,syscall,,,,,,,,,,,,memory,,,0,7f8b8ed08000,3f0ae0,1104,,,,,,,,
Artifact,,,,,,syscall,,,,,,,,,,,,memory,,,0,7f8b8eeef000,200000,1104,,,,,,,,
Artifact,,,,,,syscall,,,,,,,,,,,,memory,,,0,7f8b8f0ef000,6000,1104,,,,,,,,
Artifact,,,,,,syscall,,,,,,,,,,,/sys/devices/virtual/block/loop13,directory,0755,0,0,,,,,,,,,,,
Artifact,,,,,,syscall,,,,,,,,,,,,memory,,,0,7f8b8f0f5000,3ae0,1104,,,,,,,,
Artifact,,,,,,syscall,,,,,,,,,,,,memory,,,0,7f43ecd0e000,4000,3013,,,,,,,,
Artifact,,,,,,syscall,,,,,,,,,,,,memory,,,0,7f43ecf1b000,1000,3013,,,,,,,,
Artifact,,,,,,syscall,,,,,,,,,,,,memory,,,0,7f43ed11f000,1000,3013,,,,,,,,
Artifact,,,,,,syscall,,,,,,,,,,,,memory,,,0,7f43ed36e000,1000,3013,,,,,,,,
Artifact,,,,,,syscall,,,,,,,,,,,,memory,,,0,557282159000,1000,3013,,,,,,,,
Artifact,,,,,,syscall,,,,,,,,,,,,memory,,,0,7f43ed599000,1000,3013,,,,,,,,
Artifact,,,,,,syscall,,,,,,,,,,,,memory,,,0,7f43ec0a6000,2098c0,3013,,,,,,,,
Artifact,,,,,,syscall,,,,,,,,,,,,memory,,,0,7f43ec0ae000,200000,3013,,,,,,,,
Artifact,,,,,,syscall,,,,,,,,,,,,memory,,,0,7f43ec2ae000,2000,3013,,,,,,,,
Artifact,,,,,,syscall,,,,,,,,,,,,memory,,,0,7f43ec2ae000,1000,3013,,,,,,,,
Artifact,,,,,,syscall,,,,,,,,,,,,memory,,,1,7f43ed585000,13817,3013,,,,,,,,
Artifact,,,,,,syscall,,,,,,,,,,,/sys/devices/virtual/block/loop13/uevent,file,0644,0,0,,,,,,,,,,,
Artifact,,,,,,syscall,,,,,,,,,,,/run/udev/data/b7:13,file,0644,0,0,,,,,,,,,,,
Artifact,,,,,,syscall,,,,,,,,,,,/sys/dev/block/7:11,link,0777,0,0,,,,,,,,,,,
Artifact,,,,,,syscall,,,,,,,,,,,,memory,,,0,7f43ebe9a000,20b588,3013,,,,,,,,
Artifact,,,,,,syscall,,,,,,,,,,,,memory,,,0,7f43ebea5000,1ff000,3013,,,,,,,,
Artifact,,,,,,syscall,,,,,,,,,,,,memory,,,0,7f43ec0a4000,2000,3013,,,,,,,,
Artifact,,,,,,syscall,,,,,,,,,,,,memory,,,0,7f43ebc80000,219a58,3013,,,,,,,,
Artifact,,,,,,syscall,,,,,,,,,,,,memory,,,0,7f43ebc97000,1ff000,3013,,,,,,,,
Artifact,,,,,,syscall,,,,,,,,,,,,memory,,,0,7f43ebe96000,2000,3013,,,,,,,,
Artifact,,,,,,syscall,,,,,,,,,,,,memory,,,0,7f43ebe98000,1a58,3013,,,,,,,,
Artifact,,,,,,syscall,,,,,,,,,,,,memory,,,0,7f43eba6e000,211738,3013,,,,,,,,
Artifact,,,,,,syscall,,,,,,,,,,,,memory,,,0,7f43eba79000,1ff000,3013,,,,,,,,
Artifact,,,,,,syscall,,,,,,,,,,,,memory,,,0,7f43ebc78000,2000,3013,,,,,,,,
Artifact,,,,,,syscall,,,,,,,,,,,,memory,,,0,7f43ebc7a000,5738,3013,,,,,,,,
Artifact,,,,,,syscall,,,,,,,,,,,/sys/devices/virtual/block/loop11,directory,0755,0,0,,,,,,,,,,,
Artifact,,,,,,syscall,,,,,,,,,,,/sys/devices/virtual/block/loop11/uevent,file,0644,0,0,,,,,,,,,,,
Artifact,,,,,,syscall,,,,,,,,,,,,memory,,,0,7f43ebc78000,1000,3013,,,,,,,,
Artifact,,,,,,syscall,,,,,,,,,,,,memory,,,0,7f43ebe96000,1000,3013,,,,,,,,
Artifact,,,,,,syscall,,,,,,,,,,,,memory,,,0,7f43ec0a4000,1000,3013,,,,,,,,
Artifact,,,,,,syscall,,,,,,,,,,,/run/udev/data/b7:11,file,0644,0,0,,,,,,,,,,,
Artifact,,,,,,syscall,,,,,,,,,,,,memory,,,0,7f43ed598000,967,3013,,,,,,,,
Artifact,,,,,,syscall,,,,,,,,,,,,memory,,,0,7f43ed598000,392,3013,,,,,,,,
Artifact,,,,,,syscall,,,,,,,,,,,/sys/dev/block/7:14,link,0777,0,0,,,,,,,,,,,
Artifact,,,,,,syscall,,,,,,,,,,,/sys/devices/virtual/block/loop14,directory,0755,0,0,,,,,,,,,,,
Artifact,,,,,,syscall,,,,,,,,,,,,unnamed pipe,,4,0,,,766,,,15,16,,,,
Artifact,,,,,,syscall,,,,,,,,,,,,unnamed pipe,,4,0,,,766,,,17,18,,,,
Artifact,,,,,,syscall,,,,,,,,,,,,unnamed pipe,,4,0,,,766,,,19,20,,,,
Artifact,,,,,,syscall,,,,,,,,,,,/sys/devices/virtual/block/loop14/uevent,file,0644,0,0,,,,,,,,,,,
Artifact,,,,,,syscall,,,,,,,,,,,/run/udev/data/b7:14,file,0644,0,0,,,,,,,,,,,
Artifact,,,,,,syscall,,,,,,,,,,,/proc/3014/fd,directory,0500,0,0,,,,,,,,,,,
Artifact,,,,,,syscall,,,,,,,,,,,/sys/dev/block/7:12,link,0777,0,0,,,,,,,,,,,
Artifact,,,,,,syscall,,,,,,,,,,,/sys/devices/virtual/block/loop12,directory,0755,0,0,,,,,,,,,,,
Artifact,,,,,,syscall,,,,,,,,,,,/sys/devices/virtual/block/loop12/uevent,file,0644,0,0,,,,,,,,,,,
Artifact,,,,,,syscall,,,,,,,,,,,/lib/x86_64-linux-gnu/librt.so.1,file,0644,0,0,,,,,,,,,,,
Artifact,,,,,,syscall,,,,,,,,,,,,memory,,,0,7f8b8fe3c000,2000,1104,,,,,,,,
Artifact,,,,,,syscall,,,,,,,,,,,,memory,,,0,7f8b8eb00000,207be0,1104,,,,,,,,
Artifact,,,,,,syscall,,,,,,,,,,,,memory,,,0,7f8b8eb07000,1ff000,1104,,,,,,,,
Artifact,,,,,,syscall,,,,,,,,,,,,memory,,,0,7f8b8ed06000,2000,1104,,,,,,,,
Artifact,,,,,,syscall,,,,,,,,,,,/lib/x86_64-linux-gnu/liblzma.so.5,file,0644,0,0,,,,,,,,,,,
Artifact,,,,,,syscall,,,,,,,,,,,,memory,,,0,7f8b8e8da000,225108,1104,,,,,,,,
Artifact,,,,,,syscall,,,,,,,,,,,,memory,,,0,7f8b8e8fe000,200000,1104,,,,,,,,
Artifact,,,,,,syscall,,,,,,,,,,,,memory,,,0,7f8b8eafe000,2000,1104,,,,,,,,
Artifact,,,,,,syscall,,,,,,,,,,,/usr/lib/x86_64-linux-gnu/liblz4.so.1,file,0644,0,0,,,,,,,,,,,
Artifact,,,,,,syscall,,,,,,,,,,,,memory,,,0,7f8b8e6be000,21b060,1104,,,,,,,,
Artifact,,,,,,syscall,,,,,,,,,,,,memory,,,0,7f8b8e6d9000,1ff000,1104,,,,,,,,
Artifact,,,,,,syscall,,,,,,,,,,,,memory,,,0,7f8b8e8d8000,2000,1104,,,,,,,,
Artifact,,,,,,syscall,,,,,,,,,,,/lib/x86_64-linux-gnu/libgcrypt.so.20,file,0644,0,0,,,,,,,,,,,
Artifact,,,,,,syscall,,,,,,,,,,,,memory,,,0,7f8b8e3a2000,31b008,1104,,,,,,,,
Artifact,,,,,,syscall,,,,,,,,,,,,memory,,,0,7f8b8e4b6000,200000,1104,,,,,,,,
Artifact,,,,,,syscall,,,,,,,,,,,,memory,,,0,7f8b8e6b6000,7000,1104,,,,,,,,
Artifact,,,,,,syscall,,,,,,,,,,,,memory,,,0,7f8b8e6bd000,8,1104,,,,,,,,
Artifact,,,,,,syscall,,,,,,,,,,,/lib/x86_64-linux-gnu/libselinux.so.1,file,0644,0,0,,,,,,,,,,,
Artifact,,,,,,syscall,,,,,,,,,,,,memory,,,0,7f8b8e17a000,2278d0,1104,,,,,,,,
Artifact,,,,,,syscall,,,,,,,,,,,,memory,,,0,7f8b8e19f000,1ff000,1104,,,,,,,,
Artifact,,,,,,syscall,,,,,,,,,,,,memory,,,0,7f8b8e39e000,2000,1104,,,,,,,,
Artifact,,,,,,syscall,,,,,,,,,,,,memory,,,0,7f8b8e3a0000,18d0,1104,,,,,,,,
Artifact,,,,,,syscall,,,,,,,,,,,/lib/x86_64-linux-gnu/libudev.so.1,file,0644,0,0,,,,,,,,,,,
Artifact,,,,,,syscall,,,,,,,,,,,,memory,,,0,7f8b8df5c000,21d908,1104,,,,,,,,
Artifact,,,,,,syscall,,,,,,,,,,,/run/udev/data/b7:12,file,0644,0,0,,,,,,,,,,,
Artifact,,,,,,syscall,,,,,,,,,,,,memory,,,0,7f8b8df79000,1ff000,1104,,,,,,,,
Artifact,,,,,,syscall,,,,,,,,,,,,memory,,,0,7f8b8e178000,2000,1104,,,,,,,,
Artifact,,,,,,syscall,,,,,,,,,,,/lib/x86_64-linux-gnu/libm.so.6,file,0644,0,0,,,,,,,,,,,
Artifact,,,,,,syscall,,,,,,,,,,,/sys/dev/block/7:15,link,0777,0,0,,,,,,,,,,,
Artifact,,,,,,syscall,,,,,,,,,,,,memory,,,0,7f8b8fe3a000,2000,1104,,,,,,,,
Artifact,,,,,,syscall,,,,,,,,,,,,memory,,,0,7f8b8dbbe000,39d158,1104,,,,,,,,
Artifact,,,,,,syscall,,,,,,,,,,,,memory,,,0,7f8b8dd5b000,1ff000,1104,,,,,,,,
Artifact,,,,,,syscall,,,,,,,,,,,,memory,,,0,7f8b8df5a000,2000,1104,,,,,,,,
Artifact,,,,,,syscall,,,,,,,,,,,/lib/x86_64-linux-gnu/libgpg-error.so.0,file,0644,0,0,,,,,,,,,,,
Artifact,,,,,,syscall,,,,,,,,,,,,memory,,,0,7f8b8d9a9000,2140e8,1104,,,,,,,,
Artifact,,,,,,syscall,,,,,,,,,,,,memory,,,0,7f8b8d9bd000,1ff000,1104,,,,,,,,
Artifact,,,,,,syscall,,,,,,,,,,,,memory,,,0,7f8b8dbbc000,2000,1104,,,,,,,,
Artifact,,,,,,syscall,,,,,,,,,,,/sys/devices/virtual/block/loop15,directory,0755,0,0,,,,,,,,,,,
Artifact,,,,,,syscall,,,,,,,,,,,,memory,,,0,7f8e41856000,13817,3014,,,,,,,,
Artifact,,,,,,syscall,,,,,,,,,,,,memory,,,0,7f8e41854000,2000,3014,,,,,,,,
Artifact,,,,,,syscall,,,,,,,,,,,,memory,,,0,7f8e413f2000,24ec68,3014,,,,,,,,
Artifact,,,,,,syscall,,,,,,,,,,,,memory,,,0,7f8e4143f000,200000,3014,,,,,,,,
Artifact,,,,,,syscall,,,,,,,,,,,,memory,,,0,7f8e4163f000,2000,3014,,,,,,,,
Artifact,,,,,,syscall,,,,,,,,,,,,memory,,,0,7f8e411ee000,2030a8,3014,,,,,,,,
Artifact,,,,,,syscall,,,,,,,,,,,,memory,,,0,7f8e411f1000,1ff000,3014,,,,,,,,
Artifact,,,,,,syscall,,,,,,,,,,,,memory,,,0,7f8e413f0000,2000,3014,,,,,,,,
Artifact,,,,,,syscall,,,,,,,,,,,,memory,,,0,7f8e40fe5000,208928,3014,,,,,,,,
Artifact,,,,,,syscall,,,,,,,,,,,,memory,,,0,7f8e40fec000,200000,3014,,,,,,,,
Artifact,,,,,,syscall,,,,,,,,,,,,memory,,,0,7f8e411ec000,2000,3014,,,,,,,,
Artifact,,,,,,syscall,,,,,,,,,,,,memory,,,0,7f8e40d98000,24cd00,3014,,,,,,,,
Artifact,,,,,,syscall,,,,,,,,,,,,memory,,,0,7f8e40ddf000,200000,3014,,,,,,,,
Artifact,,,,,,syscall,,,,,,,,,,,,memory,,,0,7f8e40fdf000,5000,3014,,,,,,,,
Artifact,,,,,,syscall,,,,,,,,,,,,memory,,,0,7f8e40fe4000,d00,3014,,,,,,,,
Artifact,,,,,,syscall,,,,,,,,,,,,memory,,,0,7f8e409a7000,3f0ae0,3014,,,,,,,,
Artifact,,,,,,syscall,,,,,,,,,,,,memory,,,0,7f8e40b8e000,200000,3014,,,,,,,,
Artifact,,,,,,syscall,,,,,,,,,,,,memory,,,0,7f8e40d8e000,6000,3014,,,,,,,,
Artifact,,,,,,syscall,,,,,,,,,,,,memory,,,0,7f8e40d94000,3ae0,3014,,,,,,,,
Artifact,,,,,,syscall,,,,,,,,,,,/sys/devices/virtual/block/loop15/uevent,file,0644,0,0,,,,,,,,,,,
Artifact,,,,,,syscall,,,,,,,,,,,/run/udev/data/b7:15,file,0644,0,0,,,,,,,,,,,
Artifact,,,,,,syscall,,,,,,,,,,,,memory,,,0,7f8e40788000,21e480,3014,,,,,,,,
Artifact,,,,,,syscall,,,,,,,,,,,,memory,,,0,7f8e407a2000,1ff000,3014,,,,,,,,
Artifact,,,,,,syscall,,,,,,,,,,,,memory,,,0,7f8e409a1000,2000,3014,,,,,,,,
Artifact,,,,,,syscall,,,,,,,,,,,,memory,,,0,7f8e409a3000,3480,3014,,,,,,,,
Artifact,,,,,,syscall,,,,,,,,,,,/sys/dev/block/7:17,link,0777,0,0,,,,,,,,,,,
Artifact,,,,,,syscall,,,,,,,,,,,,memory,,,0,7f8e41852000,2000,3014,,,,,,,,
Artifact,,,,,,syscall,,,,,,,,,,,,memory,,,0,7f8e40581000,206180,3014,,,,,,,,
Artifact,,,,,,syscall,,,,,,,,,,,,memory,,,0,7f8e40587000,1ff000,3014,,,,,,,,
Artifact,,,,,,syscall,,,,,,,,,,,,memory,,,0,7f8e40786000,2000,3014,,,,,,,,
Artifact,,,,,,syscall,,,,,,,,,,,,memory,,,0,7f8e4184f000,3000,3014,,,,,,,,
Artifact,,,,,,syscall,,,,,,,,,,,,memory,,,0,7f8e40d8e000,4000,3014,,,,,,,,
Artifact,,,,,,syscall,,,,,,,,,,,,memory,,,0,7f8e40786000,1000,3014,,,,,,,,
Artifact,,,,,,syscall,,,,,,,,,,,,memory,,,0,7f8e409a1000,1000,3014,,,,,,,,
Artifact,,,,,,syscall,,,,,,,,,,,,memory,,,0,7f8e40fdf000,4000,3014,,,,,,,,
Artifact,,,,,,syscall,,,,,,,,,,,,memory,,,0,7f8e411ec000,1000,3014,,,,,,,,
Artifact,,,,,,syscall,,,,,,,,,,,,memory,,,0,7f8e413f0000,1000,3014,,,,,,,,
Artifact,,,,,,syscall,,,,,,,,,,,,memory,,,0,7f8e4163f000,1000,3014,,,,,,,,
Artifact,,,,,,syscall,,,,,,,,,,,,memory,,,0,55c2f0cfb000,1000,3014,,,,,,,,
Artifact,,,,,,syscall,,,,,,,,,,,,memory,,,0,7f8e4186a000,1000,3014,,,,,,,,
Artifact,,,,,,syscall,,,,,,,,,,,,memory,,,1,7f8e41856000,13817,3014,,,,,,,,
Artifact,,,,,,syscall,,,,,,,,,,,,memory,,,0,7f8e40377000,2098c0,3014,,,,,,,,
Artifact,,,,,,syscall,,,,,,,,,,,,memory,,,0,7f8e4037f000,200000,3014,,,,,,,,
Artifact,,,,,,syscall,,,,,,,,,,,,memory,,,0,7f8e4057f000,2000,3014,,,,,,,,
Artifact,,,,,,syscall,,,,,,,,,,,,memory,,,0,7f8e4057f000,1000,3014,,,,,,,,
Artifact,,,,,,syscall,,,,,,,,,,,,memory,,,2,7f8e41856000,13817,3014,,,,,,,,
Artifact,,,,,,syscall,,,,,,,,,,,,memory,,,0,7f8e4016b000,20b588,3014,,,,,,,,
Artifact,,,,,,syscall,,,,,,,,,,,,memory,,,0,7f8e40176000,1ff000,3014,,,,,,,,
Artifact,,,,,,syscall,,,,,,,,,,,,memory,,,0,7f8e40375000,2000,3014,,,,,,,,
Artifact,,,,,,syscall,,,,,,,,,,,,memory,,,0,7f8e3ff51000,219a58,3014,,,,,,,,
Artifact,,,,,,syscall,,,,,,,,,,,,memory,,,0,7f8e3ff68000,1ff000,3014,,,,,,,,
Artifact,,,,,,syscall,,,,,,,,,,,,memory,,,0,7f8e40167000,2000,3014,,,,,,,,
Artifact,,,,,,syscall,,,,,,,,,,,,memory,,,0,7f8e40169000,1a58,3014,,,,,,,,
Artifact,,,,,,syscall,,,,,,,,,,,,memory,,,0,7f8e3fd3f000,211738,3014,,,,,,,,
Artifact,,,,,,syscall,,,,,,,,,,,,memory,,,0,7f8e3fd4a000,1ff000,3014,,,,,,,,
Artifact,,,,,,syscall,,,,,,,,,,,,memory,,,0,7f8e3ff49000,2000,3014,,,,,,,,
Artifact,,,,,,syscall,,,,,,,,,,,,memory,,,0,7f8e3ff4b000,5738,3014,,,,,,,,
Artifact,,,,,,syscall,,,,,,,,,,,,memory,,,0,7f8e3ff49000,1000,3014,,,,,,,,
Artifact,,,,,,syscall,,,,,,,,,,,,memory,,,0,7f8e40167000,1000,3014,,,,,,,,
Artifact,,,,,,syscall,,,,,,,,,,,/sys/devices/virtual/block/loop17,directory,0755,0,0,,,,,,,,,,,
Artifact,,,,,,syscall,,,,,,,,,,,,memory,,,0,7f8e40375000,1000,3014,,,,,,,,
Artifact,,,,,,syscall,,,,,,,,,,,/sys/devices/virtual/block/loop17/uevent,file,0644,0,0,,,,,,,,,,,
Artifact,,,,,,syscall,,,,,,,,,,,/run/udev/data/b7:17,file,0644,0,0,,,,,,,,,,,
Artifact,,,,,,syscall,,,,,,,,,,,/sys/dev/block/7:16,link,0777,0,0,,,,,,,,,,,
Artifact,,,,,,syscall,,,,,,,,,,,,memory,,,0,7f8e41869000,967,3014,,,,,,,,
Artifact,,,,,,syscall,,,,,,,,,,,,memory,,,0,7f8e41869000,392,3014,,,,,,,,
Artifact,,,,,,syscall,,,,,,,,,,,/sys/devices/virtual/block/loop16,directory,0755,0,0,,,,,,,,,,,
Artifact,,,,,,syscall,,,,,,,,,,,/sys/devices/virtual/block/loop16/uevent,file,0644,0,0,,,,,,,,,,,
Artifact,,,,,,syscall,,,,,,,,,,,/run/udev/data/b7:16,file,0644,0,0,,,,,,,,,,,
Artifact,,,,,,syscall,,,,,,,,,,,/lib/x86_64-linux-gnu/libpcre.so.3,file,0644,0,0,,,,,,,,,,,
Artifact,,,,,,syscall,,,,,,,,,,,,memory,,,0,7f8b8d738000,270108,1104,,,,,,,,
Artifact,,,,,,syscall,,,,,,,,,,,,memory,,,0,7f8b8d7a8000,1ff000,1104,,,,,,,,
Artifact,,,,,,syscall,,,,,,,,,,,,memory,,,0,7f8b8d9a7000,2000,1104,,,,,,,,
Artifact,,,,,,syscall,,,,,,,,,,,,memory,,,0,7f8b8fe38000,2000,1104,,,,,,,,
Artifact,,,,,,syscall,,,,,,,,,,,,memory,,,0,7f8b8fe35000,3000,1104,,,,,,,,
Artifact,,,,,,syscall,,,,,,,,,,,,memory,,,0,7f8b8f0ef000,4000,1104,,,,,,,,
Artifact,,,,,,syscall,,,,,,,,,,,,memory,,,0,7f8b8f9a1000,1000,1104,,,,,,,,
Artifact,,,,,,syscall,,,,,,,,,,,,memory,,,0,7f8b8d9a7000,1000,1104,,,,,,,,
Artifact,,,,,,syscall,,,,,,,,,,,,memory,,,0,7f8b8dbbc000,1000,1104,,,,,,,,
Artifact,,,,,,syscall,,,,,,,,,,,,memory,,,0,7f8b8df5a000,1000,1104,,,,,,,,
Artifact,,,,,,syscall,,,,,,,,,,,,memory,,,0,7f8b8ed06000,1000,1104,,,,,,,,
Artifact,,,,,,syscall,,,,,,,,,,,,memory,,,0,7f8b8e178000,1000,1104,,,,,,,,
Artifact,,,,,,syscall,,,,,,,,,,,,memory,,,0,7f8b8f566000,1000,1104,,,,,,,,
Artifact,,,,,,syscall,,,,,,,,,,,,memory,,,0,7f8b8e39e000,1000,1104,,,,,,,,
Artifact,,,,,,syscall,,,,,,,,,,,,memory,,,0,7f8b8e6b6000,2000,1104,,,,,,,,
Artifact,,,,,,syscall,,,,,,,,,,,,memory,,,0,7f8b8e8d8000,1000,1104,,,,,,,,
Artifact,,,,,,syscall,,,,,,,,,,,,memory,,,0,7f8b8eafe000,1000,1104,,,,,,,,
Artifact,,,,,,syscall,,,,,,,,,,,,memory,,,0,7f8b8f35e000,1000,1104,,,,,,,,
Artifact,,,,,,syscall,,,,,,,,,,,,memory,,,0,7f8b8f786000,1000,1104,,,,,,,,
Artifact,,,,,,syscall,,,,,,,,,,,,memory,,,0,7f8b8fc26000,3000,1104,,,,,,,,
Artifact,,,,,,syscall,,,,,,,,,,,/sys/dev/block/7:18,link,0777,0,0,,,,,,,,,,,
Artifact,,,,,,syscall,,,,,,,,,,,/sys/devices/virtual/block/loop18,directory,0755,0,0,,,,,,,,,,,
Artifact,,,,,,syscall,,,,,,,,,,,/sys/devices/virtual/block/loop18/uevent,file,0644,0,0,,,,,,,,,,,
Artifact,,,,,,syscall,,,,,,,,,,,/run/udev/data/b7:18,file,0644,0,0,,,,,,,,,,,
Artifact,,,,,,syscall,,,,,,,,,,,/sys/dev/block/7:19,link,0777,0,0,,,,,,,,,,,
Artifact,,,,,,syscall,,,,,,,,,,,/sys/devices/virtual/block/loop19,directory,0755,0,0,,,,,,,,,,,
Artifact,,,,,,syscall,,,,,,,,,,,/sys/devices/virtual/block/loop19/uevent,file,0644,0,0,,,,,,,,,,,
Artifact,,,,,,syscall,,,,,,,,,,,/run/udev/data/b7:19,file,0644,0,0,,,,,,,,,,,
Artifact,,,,,,syscall,,,,,,,,,,,/sys/dev/block/7:20,link,0777,0,0,,,,,,,,,,,
Artifact,,,,,,syscall,,,,,,,,,,,/sys/devices/virtual/block/loop20,directory,0755,0,0,,,,,,,,,,,
Artifact,,,,,,syscall,,,,,,,,,,,/sys/devices/virtual/block/loop20/uevent,file,0644,0,0,,,,,,,,,,,
Artifact,,,,,,syscall,,,,,,,,,,,/run/udev/data/b7:20,file,0644,0,0,,,,,,,,,,,
Artifact,,,,,,syscall,,,,,,,,,,,/sys/dev/block/7:21,link,0777,0,0,,,,,,,,,,,
Artifact,,,,,,syscall,,,,,,,,,,,/sys/devices/virtual/block/loop21,directory,0755,0,0,,,,,,,,,,,
Artifact,,,,,,syscall,,,,,,,,,,,/sys/devices/virtual/block/loop21/uevent,file,0644,0,0,,,,,,,,,,,
Artifact,,,,,,syscall,,,,,,,,,,,/run/udev/data/b7:21,file,0644,0,0,,,,,,,,,,,
Artifact,,,,,,syscall,,,,,,,,,,,/sys/dev/block/7:22,link,0777,0,0,,,,,,,,,,,
Artifact,,,,,,syscall,,,,,,,,,,,/sys/devices/virtual/block/loop22,directory,0755,0,0,,,,,,,,,,,
Artifact,,,,,,syscall,,,,,,,,,,,/sys/devices/virtual/block/loop22/uevent,file,0644,0,0,,,,,,,,,,,
Artifact,,,,,,syscall,,,,,,,,,,,/run/udev/data/b7:22,file,0644,0,0,,,,,,,,,,,
Artifact,,,,,,syscall,,,,,,,,,,,/sys/dev/block/7:23,link,0777,0,0,,,,,,,,,,,
Artifact,,,,,,syscall,,,,,,,,,,,/sys/devices/virtual/block/loop23,directory,0755,0,0,,,,,,,,,,,
Artifact,,,,,,syscall,,,,,,,,,,,/sys/devices/virtual/block/loop23/uevent,file,0644,0,0,,,,,,,,,,,
Artifact,,,,,,syscall,,,,,,,,,,,/run/udev/data/b7:23,file,0644,0,0,,,,,,,,,,,
Artifact,,,,,,syscall,,,,,,,,,,,/proc/936/status,file,0444,0,0,,,,,,,,,,,
Artifact,,,,,,syscall,,,,,,,,,,,/var,directory,0755,0,0,,,,,,,,,,,
Artifact,,,,,,syscall,,,,,,,,,,,/var/lib,directory,0755,0,0,,,,,,,,,,,
Artifact,,,,,,syscall,,,,,,,,,,,/var/lib/gdm3,directory,0755,0,0,,,,,,,,,,,
Artifact,,,,,,syscall,,,,,,,,,,,/var/lib/gdm3/.config,directory,0755,0,0,,,,,,,,,,,
Artifact,,,,,,syscall,,,,,,,,,,,/var/lib/gdm3/.config/systemd,directory,0755,0,0,,,,,,,,,,,
Artifact,,,,,,syscall,,,,,,,,,,,/var/lib/gdm3/.config/systemd/user,directory,0755,0,0,,,,,,,,,,,
Artifact,,,,,,syscall,,,,,,,,,,,/run,directory,0755,0,0,,,,,,,,,,,
Artifact,,,,,,syscall,,,,,,,,,,,/run/user,directory,0755,0,0,,,,,,,,,,,
Artifact,,,,,,syscall,,,,,,,,,,,/run/user/121,directory,0700,0,0,,,,,,,,,,,
Artifact,,,,,,syscall,,,,,,,,,,,/run/user/121/systemd,directory,0755,0,0,,,,,,,,,,,
Artifact,,,,,,syscall,,,,,,,,,,,/etc,directory,0755,0,0,,,,,,,,,,,
Artifact,,,,,,syscall,,,,,,,,,,,/etc/systemd,directory,0755,0,0,,,,,,,,,,,
Artifact,,,,,,syscall,,,,,,,,,,,/etc/systemd/user,directory,0755,0,0,,,,,,,,,,,
Artifact,,,,,,syscall,,,,,,,,,,,/usr,directory,0755,0,0,,,,,,,,,,,
Artifact,,,,,,syscall,,,,,,,,,,,/usr/lib,directory,0755,0,0,,,,,,,,,,,
Artifact,,,,,,syscall,,,,,,,,,,,/usr/lib/systemd,directory,0755,0,0,,,,,,,,,,,
Artifact,,,,,,syscall,,,,,,,,,,,/usr/lib/systemd/user,directory,0755,0,0,,,,,,,,,,,
Artifact,,,,,,syscall,,,,,,,,,,,/run/udev/data/b7:5,file,0644,0,0,,,,,,,,,,,
Artifact,,,,,,syscall,,,,,,,,,,,/sys/dev/block/7:1,link,0777,0,0,,,,,,,,,,,
Artifact,,,,,,syscall,,,,,,,,,,,/sys/devices/virtual/block/loop1,directory,0755,0,0,,,,,,,,,,,
Artifact,,,,,,syscall,,,,,,,,,,,/sys/devices/virtual/block/loop1/uevent,file,0644,0,0,,,,,,,,,,,
Artifact,,,,,,syscall,,,,,,,,,,,/run/udev/data/b7:1,file,0644,0,0,,,,,,,,,,,
Artifact,,,,,,syscall,,,,,,,,,,,/sys/dev/block/7:7,link,0777,0,0,,,,,,,,,,,
Artifact,,,,,,syscall,,,,,,,,,,,/sys/devices/virtual/block/loop7,directory,0755,0,0,,,,,,,,,,,
Artifact,,,,,,syscall,,,,,,,,,,,/proc/interrupts,file,0444,0,0,,,,,,,,,,,
Artifact,,,,,,syscall,,,,,,,,,,,/proc/stat,file,0444,0,0,,,,,,,,,,,
Artifact,,,,,,syscall,,,,,,,,,,,/proc/irq/19/smp_affinity,file,0644,0,0,,,,,,,,,,,
Artifact,,,,,,syscall,,,,,,,,,,,/proc/irq/19/smp_affinity,file,0644,1,0,,,,,,,,,,,
Artifact,,,,,,syscall,,,,,,,,,,,/proc/irq/56/smp_affinity,file,0644,0,0,,,,,,,,,,,
Artifact,,,,,,syscall,,,,,,,,,,,/proc/irq/56/smp_affinity,file,0644,1,0,,,,,,,,,,,
Artifact,,,,,,syscall,,,,,,,,,,,,memory,,,0,5632c65d6000,1e38000,1104,,,,,,,,
Artifact,,,,,,syscall,,,,,,,,,,,,memory,,,0,7f8b8fe54000,1000,1104,,,,,,,,
Artifact,,,,,,syscall,,,,,,,,,,,/proc/filesystems,file,0444,0,0,,,,,,,,,,,
Artifact,,,,,,syscall,,,,,,,,,,,,memory,,,0,7f8b8fdf5000,40000,1104,,,,,,,,
Artifact,,,,,,syscall,,,,,,,,,,,,memory,,,0,c000000000,4000000,1104,,,,,,,,
Artifact,,,,,,syscall,,,,,,,,,,,,memory,,,1,c000000000,4000000,1104,,,,,,,,
Artifact,,,,,,syscall,,,,,,,,,,,,memory,,,0,7f8b8b738000,2000000,1104,,,,,,,,
Artifact,,,,,,syscall,,,,,,,,,,,,memory,,,0,7f8b8b527000,210800,1104,,,,,,,,
Artifact,,,,,,syscall,,,,,,,,,,,,memory,,,0,7f8b8fe44000,10000,1104,,,,,,,,
Artifact,,,,,,syscall,,,,,,,,,,,,memory,,,0,7f8b8fde5000,10000,1104,,,,,,,,
Artifact,,,,,,syscall,,,,,,,,,,,,memory,,,0,7f8b8ad26000,801000,1104,,,,,,,,
Artifact,,,,,,syscall,,,,,,,,,,,,memory,,,0,7f8b8ad27000,800000,1104,,,,,,,,
Artifact,,,,,,syscall,,,,,,,,,,,,memory,,,0,7f8b82d26000,8000000,1104,,,,,,,,
Artifact,,,,,,syscall,,,,,,,,,,,,memory,,,0,7f8b84000000,21000,1104,,,,,,,,
Artifact,,,,,,syscall,,,,,,,,,,,,memory,,,0,7f8b8a525000,801000,1104,,,,,,,,
Artifact,,,,,,syscall,,,,,,,,,,,,memory,,,0,7f8b8a526000,800000,1104,,,,,,,,
Artifact,,,,,,syscall,,,,,,,,,,,,memory,,,0,7f8b7c000000,8000000,1104,,,,,,,,
Artifact,,,,,,syscall,,,,,,,,,,,,memory,,,0,7f8b7c000000,21000,1104,,,,,,,,
Artifact,,,,,,syscall,,,,,,,,,,,,memory,,,0,7f8b89d24000,801000,1104,,,,,,,,
Artifact,,,,,,syscall,,,,,,,,,,,,memory,,,0,7f8b89d25000,800000,1104,,,,,,,,
Artifact,,,,,,syscall,,,,,,,,,,,,memory,,,0,7f8b89523000,801000,1104,,,,,,,,
Artifact,,,,,,syscall,,,,,,,,,,,,memory,,,0,7f8b89524000,800000,1104,,,,,,,,
Artifact,,,,,,syscall,,,,,,,,,,,,memory,,,0,7f8b80000000,4000000,1104,,,,,,,,
Artifact,,,,,,syscall,,,,,,,,,,,,memory,,,0,7f8b80000000,21000,1104,,,,,,,,
Artifact,,,,,,syscall,,,,,,,,,,,,memory,,,0,7f8b88d22000,801000,1104,,,,,,,,
Artifact,,,,,,syscall,,,,,,,,,,,,memory,,,0,7f8b88d23000,800000,1104,,,,,,,,
Artifact,,,,,,syscall,,,,,,,,,,,,memory,,,0,7f8b74000000,8000000,1104,,,,,,,,
Artifact,,,,,,syscall,,,,,,,,,,,,memory,,,0,7f8b74000000,21000,1104,,,,,,,,
Artifact,,,,,,syscall,,,,,,,,,,,,memory,,,0,7f8b8fda5000,40000,1104,,,,,,,,
Artifact,,,,,,syscall,,,,,,,,,,,,memory,,,0,7f8b78000000,4000000,1104,,,,,,,,
Artifact,,,,,,syscall,,,,,,,,,,,,memory,,,0,7f8b78000000,21000,1104,,,,,,,,
Artifact,,,,,,syscall,,,,,,,,,,,,memory,,,0,7f8b8fd95000,10000,1104,,,,,,,,
Artifact,,,,,,syscall,,,,,,,,,,,,memory,,,0,7f8b8fd85000,10000,1104,,,,,,,,
Artifact,,,,,,syscall,,,,,,,,,,,,memory,,,0,7f8b8fd45000,40000,1104,,,,,,,,
Artifact,,,,,,syscall,,,,,,,,,,,/proc/sys/kernel/cap_last_cap,file,0444,0,0,,,,,,,,,,,
Artifact,,,,,,syscall,,,,,,,,,,,/proc/3012/uid_map,file,0644,0,0,,,,,,,,,,,
Artifact,,,,,,syscall,,,,,,,,,,,,memory,,,0,7f8b88521000,801000,1104,,,,,,,,
Artifact,,,,,,syscall,,,,,,,,,,,,memory,,,0,7f8b88522000,800000,1104,,,,,,,,
Artifact,,,,,,syscall,,,,,,,,,,,,memory,,,0,7f8b6c000000,8000000,1104,,,,,,,,
Artifact,,,,,,syscall,,,,,,,,,,,,memory,,,0,7f8b6c000000,21000,1104,,,,,,,,
Artifact,,,,,,syscall,,,,,,,,,,,/proc/3012/mountinfo,file,0444,0,0,,,,,,,,,,,
Artifact,,,,,,syscall,,,,,,,,,,,/.pivot_root051558674,directory,0700,0,0,,,,,,,,,,,/var/lib/docker/overlay2/18f70c996805645befc4fb5a3c729ebe4222556fed9b9c4d7290cd7e222f80df/merged
Artifact,,,,,,syscall,,,,,,,,,,,/ops2,file,0664,0,0,,,,,,,,,,,/var/lib/docker/overlay2/18f70c996805645befc4fb5a3c729ebe4222556fed9b9c4d7290cd7e222f80df/merged
Artifact,,,,,,syscall,,,,,,,,,,,/ops2,file,0644,1,0,,,,,,,,,,,/var/lib/docker/overlay2/18f70c996805645befc4fb5a3c729ebe4222556fed9b9c4d7290cd7e222f80df/merged
Artifact,,,,,,syscall,,,,,,,,,,,/ops2,file,0664,1,1,,,,,,,,,,,/var/lib/docker/overlay2/18f70c996805645befc4fb5a3c729ebe4222556fed9b9c4d7290cd7e222f80df/merged
Artifact,,,,,,syscall,,,,,,,,,,,,unnamed pipe,,5,0,,,766,,,15,16,,,,
Artifact,,,,,,syscall,,,,,,,,,,,,unnamed pipe,,5,0,,,766,,,17,18,,,,
Artifact,,,,,,syscall,,,,,,,,,,,,unnamed pipe,,5,0,,,766,,,19,20,,,,
Artifact,,,,,,syscall,,,,,,,,,,,/sys/block,directory,0755,0,0,,,,,,,,,,,
Artifact,,,,,,syscall,,,,,,,,,,,/sys/block/loop1,directory,0755,0,0,,,,,,,,,,,
Artifact,,,,,,syscall,,,,,,,,,,,/sys/block/loop9,directory,0755,0,0,,,,,,,,,,,
Artifact,,,,,,syscall,,,,,,,,,,,/proc/3021/fd,directory,0500,0,0,,,,,,,,,,,
Artifact,,,,,,syscall,,,,,,,,,,,,memory,,,0,7fbe27a0f000,13817,3021,,,,,,,,
Artifact,,,,,,syscall,,,,,,,,,,,,memory,,,0,7fbe27a0d000,2000,3021,,,,,,,,
Artifact,,,,,,syscall,,,,,,,,,,,,memory,,,0,7fbe275ab000,24ec68,3021,,,,,,,,
Artifact,,,,,,syscall,,,,,,,,,,,,memory,,,0,7fbe275f8000,200000,3021,,,,,,,,
Artifact,,,,,,syscall,,,,,,,,,,,,memory,,,0,7fbe277f8000,2000,3021,,,,,,,,
Artifact,,,,,,syscall,,,,,,,,,,,/sys/dev/virtual,directory,0755,0,0,,,,,,,,,,,
Artifact,,,,,,syscall,,,,,,,,,,,/sys/dev/virtual/block,directory,0755,0,0,,,,,,,,,,,
Artifact,,,,,,syscall,,,,,,,,,,,/sys/dev/virtual/block/loop8,directory,0755,0,0,,,,,,,,,,,
Artifact,,,,,,syscall,,,,,,,,,,,/block,directory,0755,0,0,,,,,,,,,,,
Artifact,,,,,,syscall,,,,,,,,,,,/block/7:14,link,0777,0,0,,,,,,,,,,,
Artifact,,,,,,syscall,,,,,,,,,,,/,directory,0555,0,0,,,,,,,,,,,
Artifact,,,,,,syscall,,,,,,,,,,,,memory,,,0,7fbe273a7000,2030a8,3021,,,,,,,,
Artifact,,,,,,syscall,,,,,,,,,,,,memory,,,0,7fbe273aa000,1ff000,3021,,,,,,,,
Artifact,,,,,,syscall,,,,,,,,,,,,memory,,,0,7fbe275a9000,2000,3021,,,,,,,,
Artifact,,,,,,syscall,,,,,,,,,,,,memory,,,0,7fbe2719e000,208928,3021,,,,,,,,
Artifact,,,,,,syscall,,,,,,,,,,,,memory,,,0,7fbe271a5000,200000,3021,,,,,,,,
Artifact,,,,,,syscall,,,,,,,,,,,,memory,,,0,7fbe273a5000,2000,3021,,,,,,,,
Artifact,,,,,,syscall,,,,,,,,,,,,memory,,,0,7fbe26f51000,24cd00,3021,,,,,,,,
Artifact,,,,,,syscall,,,,,,,,,,,,memory,,,0,7fbe26f98000,200000,3021,,,,,,,,
Artifact,,,,,,syscall,,,,,,,,,,,,memory,,,0,7fbe27198000,5000,3021,,,,,,,,
Artifact,,,,,,syscall,,,,,,,,,,,,memory,,,0,7fbe2719d000,d00,3021,,,,,,,,
Artifact,,,,,,syscall,,,,,,,,,,,,memory,,,0,7fbe26b60000,3f0ae0,3021,,,,,,,,
Artifact,,,,,,syscall,,,,,,,,,,,,memory,,,0,7fbe26d47000,200000,3021,,,,,,,,
Artifact,,,,,,syscall,,,,,,,,,,,,memory,,,0,7fbe26f47000,6000,3021,,,,,,,,
Artifact,,,,,,syscall,,,,,,,,,,,,memory,,,0,7fbe26f4d000,3ae0,3021,,,,,,,,
Artifact,,,,,,syscall,,,,,,,,,,,,memory,,,0,7fbe2695b000,1ff000,3021,,,,,,,,
Artifact,,,,,,syscall,,,,,,,,,,,,memory,,,0,7fbe26b5a000,2000,3021,,,,,,,,
Artifact,,,,,,syscall,,,,,,,,,,,,unknown,,0,0,,,3021,,,,,,,3,
Artifact,,,,,,syscall,,,,,,,,,,,,memory,,,0,7fbe26b5c000,3480,3021,,,,,,,,
Artifact,,,,,,syscall,,,,,,,,,,,,memory,,,0,7fbe27a0b000,2000,3021,,,,,,,,
Artifact,,,,,,syscall,,,,,,,,,,,,memory,,,0,7fbe2673a000,206180,3021,,,,,,,,
Artifact,,,,,,syscall,,,,,,,,,,,,memory,,,0,7fbe26740000,1ff000,3021,,,,,,,,
Artifact,,,,,,syscall,,,,,,,,,,,,memory,,,0,7fbe2693f000,2000,3021,,,,,,,,
Artifact,,,,,,syscall,,,,,,,,,,,,memory,,,0,7fbe27a08000,3000,3021,,,,,,,,
Artifact,,,,,,syscall,,,,,,,,,,,,memory,,,0,7fbe26f47000,4000,3021,,,,,,,,
Artifact,,,,,,syscall,,,,,,,,,,,,memory,,,0,7fbe2693f000,1000,3021,,,,,,,,
Artifact,,,,,,syscall,,,,,,,,,,,,memory,,,0,7fbe26b5a000,1000,3021,,,,,,,,
Artifact,,,,,,syscall,,,,,,,,,,,,memory,,,0,7fbe27198000,4000,3021,,,,,,,,
Artifact,,,,,,syscall,,,,,,,,,,,,memory,,,0,7fbe273a5000,1000,3021,,,,,,,,
Artifact,,,,,,syscall,,,,,,,,,,,,memory,,,0,7fbe275a9000,1000,3021,,,,,,,,
Artifact,,,,,,syscall,,,,,,,,,,,,memory,,,0,7fbe277f8000,1000,3021,,,,,,,,
Artifact,,,,,,syscall,,,,,,,,,,,,memory,,,0,560779c1d000,1000,3021,,,,,,,,
Artifact,,,,,,syscall,,,,,,,,,,,,memory,,,0,7fbe27a23000,1000,3021,,,,,,,,
Artifact,,,,,,syscall,,,,,,,,,,,/virtual,directory,0755,0,0,,,,,,,,,,,
Artifact,,,,,,syscall,,,,,,,,,,,/virtual/block,directory,0755,0,0,,,,,,,,,,,
Artifact,,,,,,syscall,,,,,,,,,,,/virtual/block/loop14,directory,0755,0,0,,,,,,,,,,,
Artifact,,,,,,syscall,,,,,,,,,,,/block/7:18,link,0777,0,0,,,,,,,,,,,
Artifact,,,,,,syscall,,,,,,,,,,,/devices,directory,0755,0,0,,,,,,,,,,,
Artifact,,,,,,syscall,,,,,,,,,,,/devices/virtual,directory,0755,0,0,,,,,,,,,,,
Artifact,,,,,,syscall,,,,,,,,,,,/devices/virtual/block,directory,0755,0,0,,,,,,,,,,,
Artifact,,,,,,syscall,,,,,,,,,,,/devices/virtual/block/loop18,directory,0755,0,0,,,,,,,,,,,
Artifact,,,,,,syscall,,,,,,,,,,,/sys/dev/block/devices,directory,0755,0,0,,,,,,,,,,,
Artifact,,,,,,syscall,,,,,,,,,,,/sys/dev/block/devices/virtual,directory,0755,0,0,,,,,,,,,,,
Artifact,,,,,,syscall,,,,,,,,,,,/sys/dev/block/devices/virtual/block,directory,0755,0,0,,,,,,,,,,,
Artifact,,,,,,syscall,,,,,,,,,,,/sys/dev/block/devices/virtual/block/loop22,directory,0755,0,0,,,,,,,,,,,
Artifact,,,,,,syscall,,,,,,,,,,,,memory,,,1,7fbe27a0f000,13817,3021,,,,,,,,
Artifact,,,,,,syscall,,,,,,,,,,,,memory,,,0,7fbe26530000,2098c0,3021,,,,,,,,
Artifact,,,,,,syscall,,,,,,,,,,,,memory,,,0,7fbe26538000,200000,3021,,,,,,,,
Artifact,,,,,,syscall,,,,,,,,,,,,memory,,,0,7fbe26738000,2000,3021,,,,,,,,
Artifact,,,,,,syscall,,,,,,,,,,,,memory,,,0,7fbe26738000,1000,3021,,,,,,,,
Artifact,,,,,,syscall,,,,,,,,,,,,memory,,,2,7fbe27a0f000,13817,3021,,,,,,,,
Artifact,,,,,,syscall,,,,,,,,,,,,memory,,,0,7fbe26324000,20b588,3021,,,,,,,,
Artifact,,,,,,syscall,,,,,,,,,,,,memory,,,0,7fbe2632f000,1ff000,3021,,,,,,,,
Artifact,,,,,,syscall,,,,,,,,,,,,memory,,,0,7fbe2652e000,2000,3021,,,,,,,,
Artifact,,,,,,syscall,,,,,,,,,,,,memory,,,0,7fbe2610a000,219a58,3021,,,,,,,,
Artifact,,,,,,syscall,,,,,,,,,,,,memory,,,0,7fbe26121000,1ff000,3021,,,,,,,,
Artifact,,,,,,syscall,,,,,,,,,,,,memory,,,0,7fbe26320000,2000,3021,,,,,,,,
Artifact,,,,,,syscall,,,,,,,,,,,,memory,,,0,7fbe26322000,1a58,3021,,,,,,,,
Artifact,,,,,,syscall,,,,,,,,,,,,memory,,,0,7fbe25ef8000,211738,3021,,,,,,,,
Artifact,,,,,,syscall,,,,,,,,,,,,memory,,,0,7fbe25f03000,1ff000,3021,,,,,,,,
Artifact,,,,,,syscall,,,,,,,,,,,,memory,,,0,7fbe26102000,2000,3021,,,,,,,,
Artifact,,,,,,syscall,,,,,,,,,,,,memory,,,0,7fbe26104000,5738,3021,,,,,,,,
Artifact,,,,,,syscall,,,,,,,,,,,,memory,,,0,7fbe26102000,1000,3021,,,,,,,,
Artifact,,,,,,syscall,,,,,,,,,,,,memory,,,0,7fbe26320000,1000,3021,,,,,,,,
Artifact,,,,,,syscall,,,,,,,,,,,,memory,,,0,7fbe2652e000,1000,3021,,,,,,,,
Artifact,,,,,,syscall,,,,,,,,,,,,memory,,,0,7fbe27a22000,967,3021,,,,,,,,
Artifact,,,,,,syscall,,,,,,,,,,,,memory,,,0,7fbe27a22000,392,3021,,,,,,,,
Artifact,,,,,,syscall,,,,,,,,,,,/sys/devices/pci0000:00/0000:00:10.0/host32/target32:0:0/32:0:0:0,directory,0555,0,0,,,,,,,,,,,
Artifact,,,,,,syscall,,,,,,,,,,,/sys/devices/pci0000:00/0000:00:10.0/host32/target32:0:0/32:0:0:0/devices,directory,0755,0,0,,,,,,,,,,,
Artifact,,,,,,syscall,,,,,,,,,,,/sys/devices/pci0000:00/0000:00:10.0/host32/target32:0:0/32:0:0:0/devices/host32,directory,0755,0,0,,,,,,,,,,,
Artifact,,,,,,syscall,,,,,,,,,,,/sys/devices/pci0000:00/0000:00:10.0/host32/target32:0:0/32:0:0:0/devices/host32/target32:0:0,directory,0755,0,0,,,,,,,,,,,
Artifact,,,,,,syscall,,,,,,,,,,,/sys/devices/pci0000:00/0000:00:10.0/host32/target32:0:0/32:0:0:0/devices/host32/target32:0:0/32:0:0:0,directory,0755,0,0,,,,,,,,,,,
Artifact,,,,,,syscall,,,,,,,,,,,/sys/devices/pci0000:00/0000:00:10.0/host32/target32:0:0/32:0:0:0/devices/host32/target32:0:0/32:0:0:0/block,directory,0755,0,0,,,,,,,,,,,
Artifact,,,,,,syscall,,,,,,,,,,,/sys/devices/pci0000:00/0000:00:10.0/host32/target32:0:0/32:0:0:0/devices/host32/target32:0:0/32:0:0:0/block/sda,directory,0755,0,0,,,,,,,,,,,
Artifact,,,,,,syscall,,,,,,,,,,,/sys/devices/pci0000:00/0000:00:10.0/host32/target32:0:0/32:0:0:0/devices/host32/target32:0:0/32:0:0:0/block/sda/sda1,directory,0755,0,0,,,,,,,,,,,
Artifact,,,,,,syscall,,,,,,,,,,,,unnamed pipe,,6,0,,,766,,,15,16,,,,
Artifact,,,,,,syscall,,,,,,,,,,,,unnamed pipe,,6,0,,,766,,,17,18,,,,
Artifact,,,,,,syscall,,,,,,,,,,,,unnamed pipe,,6,0,,,766,,,19,20,,,,
Artifact,,,,,,syscall,,,,,,,,,,,/proc/3022/fd,directory,0500,0,0,,,,,,,,,,,
Artifact,,,,,,syscall,,,,,,,,,,,,memory,,,0,7ff9d1947000,13817,3022,,,,,,,,
Artifact,,,,,,syscall,,,,,,,,,,,,memory,,,0,7ff9d1945000,2000,3022,,,,,,,,
Artifact,,,,,,syscall,,,,,,,,,,,,memory,,,0,7ff9d14e3000,24ec68,3022,,,,,,,,
Artifact,,,,,,syscall,,,,,,,,,,,,memory,,,0,7ff9d1530000,200000,3022,,,,,,,,
Artifact,,,,,,syscall,,,,,,,,,,,,memory,,,0,7ff9d1730000,2000,3022,,,,,,,,
Artifact,,,,,,syscall,,,,,,,,,,,,memory,,,0,7ff9d12df000,2030a8,3022,,,,,,,,
Artifact,,,,,,syscall,,,,,,,,,,,,memory,,,0,7ff9d12e2000,1ff000,3022,,,,,,,,
Artifact,,,,,,syscall,,,,,,,,,,,,memory,,,0,7ff9d14e1000,2000,3022,,,,,,,,
Artifact,,,,,,syscall,,,,,,,,,,,,memory,,,0,7ff9d10d6000,208928,3022,,,,,,,,
Artifact,,,,,,syscall,,,,,,,,,,,,memory,,,0,7ff9d10dd000,200000,3022,,,,,,,,
Artifact,,,,,,syscall,,,,,,,,,,,,memory,,,0,7ff9d12dd000,2000,3022,,,,,,,,
Artifact,,,,,,syscall,,,,,,,,,,,,memory,,,0,7ff9d0e89000,24cd00,3022,,,,,,,,
Artifact,,,,,,syscall,,,,,,,,,,,,memory,,,0,7ff9d0ed0000,200000,3022,,,,,,,,
Artifact,,,,,,syscall,,,,,,,,,,,,memory,,,0,7ff9d10d0000,5000,3022,,,,,,,,
Artifact,,,,,,syscall,,,,,,,,,,,,memory,,,0,7ff9d10d5000,d00,3022,,,,,,,,
Artifact,,,,,,syscall,,,,,,,,,,,,memory,,,0,7ff9d0a98000,3f0ae0,3022,,,,,,,,
Artifact,,,,,,syscall,,,,,,,,,,,,memory,,,0,7ff9d0c7f000,200000,3022,,,,,,,,
Artifact,,,,,,syscall,,,,,,,,,,,,memory,,,0,7ff9d0e7f000,6000,3022,,,,,,,,
Artifact,,,,,,syscall,,,,,,,,,,,,memory,,,0,7ff9d0e85000,3ae0,3022,,,,,,,,
Artifact,,,,,,syscall,,,,,,,,,,,,memory,,,0,7ff9d0879000,21e480,3022,,,,,,,,
Artifact,,,,,,syscall,,,,,,,,,,,,memory,,,0,7ff9d0893000,1ff000,3022,,,,,,,,
Artifact,,,,,,syscall,,,,,,,,,,,,memory,,,0,7ff9d0a92000,2000,3022,,,,,,,,
Artifact,,,,,,syscall,,,,,,,,,,,,memory,,,0,7ff9d0a94000,3480,3022,,,,,,,,
Artifact,,,,,,syscall,,,,,,,,,,,,memory,,,0,7ff9d1943000,2000,3022,,,,,,,,
Artifact,,,,,,syscall,,,,,,,,,,,,memory,,,0,7ff9d0672000,206180,3022,,,,,,,,
Artifact,,,,,,syscall,,,,,,,,,,,,memory,,,0,7ff9d0678000,1ff000,3022,,,,,,,,
Artifact,,,,,,syscall,,,,,,,,,,,,memory,,,0,7ff9d0877000,2000,3022,,,,,,,,
Artifact,,,,,,syscall,,,,,,,,,,,,memory,,,0,7ff9d1940000,3000,3022,,,,,,,,
Artifact,,,,,,syscall,,,,,,,,,,,,memory,,,0,7ff9d0e7f000,4000,3022,,,,,,,,
Artifact,,,,,,syscall,,,,,,,,,,,,memory,,,0,7ff9d0877000,1000,3022,,,,,,,,
Artifact,,,,,,syscall,,,,,,,,,,,,memory,,,0,7ff9d0a92000,1000,3022,,,,,,,,
Artifact,,,,,,syscall,,,,,,,,,,,,memory,,,0,7ff9d10d0000,4000,3022,,,,,,,,
Artifact,,,,,,syscall,,,,,,,,,,,,memory,,,0,7ff9d12dd000,1000,3022,,,,,,,,
Artifact,,,,,,syscall,,,,,,,,,,,,memory,,,0,7ff9d14e1000,1000,3022,,,,,,,,
Artifact,,,,,,syscall,,,,,,,,,,,,memory,,,0,7ff9d1730000,1000,3022,,,,,,,,
Artifact,,,,,,syscall,,,,,,,,,,,,memory,,,0,55d5d5137000,1000,3022,,,,,,,,
Artifact,,,,,,syscall,,,,,,,,,,,,memory,,,0,7ff9d195b000,1000,3022,,,,,,,,
Artifact,,,,,,syscall,,,,,,,,,,,,memory,,,1,7ff9d1947000,13817,3022,,,,,,,,
Artifact,,,,,,syscall,,,,,,,,,,,,memory,,,0,7ff9d0468000,2098c0,3022,,,,,,,,
Artifact,,,,,,syscall,,,,,,,,,,,,memory,,,0,7ff9d0470000,200000,3022,,,,,,,,
Artifact,,,,,,syscall,,,,,,,,,,,,memory,,,0,7ff9d0670000,2000,3022,,,,,,,,
Artifact,,,,,,syscall,,,,,,,,,,,,memory,,,0,7ff9d0670000,1000,3022,,,,,,,,
Artifact,,,,,,syscall,,,,,,,,,,,,memory,,,2,7ff9d1947000,13817,3022,,,,,,,,
Artifact,,,,,,syscall,,,,,,,,,,,,memory,,,0,7ff9d025c000,20b588,3022,,,,,,,,
Artifact,,,,,,syscall,,,,,,,,,,,,memory,,,0,7ff9d0267000,1ff000,3022,,,,,,,,
Artifact,,,,,,syscall,,,,,,,,,,,,memory,,,0,7ff9d0466000,2000,3022,,,,,,,,
Artifact,,,,,,syscall,,,,,,,,,,,,memory,,,0,7ff9d0042000,219a58,3022,,,,,,,,
Artifact,,,,,,syscall,,,,,,,,,,,,memory,,,0,7ff9d0059000,1ff000,3022,,,,,,,,
Artifact,,,,,,syscall,,,,,,,,,,,,memory,,,0,7ff9d0258000,2000,3022,,,,,,,,
Artifact,,,,,,syscall,,,,,,,,,,,,memory,,,0,7ff9d025a000,1a58,3022,,,,,,,,
Artifact,,,,,,syscall,,,,,,,,,,,,memory,,,0,7ff9cfe30000,211738,3022,,,,,,,,
Artifact,,,,,,syscall,,,,,,,,,,,,memory,,,0,7ff9cfe3b000,1ff000,3022,,,,,,,,
Artifact,,,,,,syscall,,,,,,,,,,,,memory,,,0,7ff9d003a000,2000,3022,,,,,,,,
Artifact,,,,,,syscall,,,,,,,,,,,,memory,,,0,7ff9d003c000,5738,3022,,,,,,,,
Artifact,,,,,,syscall,,,,,,,,,,,,memory,,,0,7ff9d003a000,1000,3022,,,,,,,,
Artifact,,,,,,syscall,,,,,,,,,,,,memory,,,0,7ff9d0258000,1000,3022,,,,,,,,
Artifact,,,,,,syscall,,,,,,,,,,,,memory,,,0,7ff9d0466000,1000,3022,,,,,,,,
Artifact,,,,,,syscall,,,,,,,,,,,,memory,,,0,7ff9d195a000,967,3022,,,,,,,,
Artifact,,,,,,syscall,,,,,,,,,,,,memory,,,0,7ff9d195a000,392,3022,,,,,,,,
Artifact,,,,,,syscall,,,,,,,,,,,,unnamed pipe,,7,0,,,766,,,15,16,,,,
Artifact,,,,,,syscall,,,,,,,,,,,,unnamed pipe,,7,0,,,766,,,17,18,,,,
Artifact,,,,,,syscall,,,,,,,,,,,,unnamed pipe,,7,0,,,766,,,19,20,,,,
Artifact,,,,,,syscall,,,,,,,,,,,/proc/3023/fd,directory,0500,0,0,,,,,,,,,,,
Artifact,,,,,,syscall,,,,,,,,,,,,memory,,,0,7f68af098000,13817,3023,,,,,,,,
Artifact,,,,,,syscall,,,,,,,,,,,,memory,,,0,7f68af096000,2000,3023,,,,,,,,
Artifact,,,,,,syscall,,,,,,,,,,,,memory,,,0,7f68aec34000,24ec68,3023,,,,,,,,
Artifact,,,,,,syscall,,,,,,,,,,,,memory,,,0,7f68aec81000,200000,3023,,,,,,,,
Artifact,,,,,,syscall,,,,,,,,,,,,memory,,,0,7f68aee81000,2000,3023,,,,,,,,
Artifact,,,,,,syscall,,,,,,,,,,,,memory,,,0,7f68aea30000,2030a8,3023,,,,,,,,
Artifact,,,,,,syscall,,,,,,,,,,,,memory,,,0,7f68aea33000,1ff000,3023,,,,,,,,
Artifact,,,,,,syscall,,,,,,,,,,,,memory,,,0,7f68aec32000,2000,3023,,,,,,,,
Artifact,,,,,,syscall,,,,,,,,,,,,memory,,,0,7f68ae827000,208928,3023,,,,,,,,
Artifact,,,,,,syscall,,,,,,,,,,,,memory,,,0,7f68ae82e000,200000,3023,,,,,,,,
Artifact,,,,,,syscall,,,,,,,,,,,,memory,,,0,7f68aea2e000,2000,3023,,,,,,,,
Artifact,,,,,,syscall,,,,,,,,,,,,unnamed pipe,,0,0,,,2906,,,6,7,,,,
Artifact,,,,,,syscall,,,,,,,,,,,,memory,,,0,7f68ae5da000,24cd00,3023,,,,,,,,
Artifact,,,,,,syscall,,,,,,,,,,,,memory,,,0,7f68ae621000,200000,3023,,,,,,,,
Artifact,,,,,,syscall,,,,,,,,,,,,memory,,,0,7f68ae821000,5000,3023,,,,,,,,
Artifact,,,,,,syscall,,,,,,,,,,,,memory,,,0,7f68ae826000,d00,3023,,,,,,,,
Artifact,,,,,,syscall,,,,,,,,,,,,memory,,,0,7f68ae1e9000,3f0ae0,3023,,,,,,,,
Artifact,,,,,,syscall,,,,,,,,,,,,memory,,,0,7f68ae3d0000,200000,3023,,,,,,,,
Artifact,,,,,,syscall,,,,,,,,,,,,memory,,,0,7f68ae5d0000,6000,3023,,,,,,,,
Artifact,,,,,,syscall,,,,,,,,,,,,memory,,,0,7f68ae5d6000,3ae0,3023,,,,,,,,
Artifact,,,,,,syscall,,,,,,,,,,,,memory,,,0,7f68adfca000,21e480,3023,,,,,,,,
Artifact,,,,,,syscall,,,,,,,,,,,,memory,,,0,7f68adfe4000,1ff000,3023,,,,,,,,
Artifact,,,,,,syscall,,,,,,,,,,,,memory,,,0,7f68ae1e3000,2000,3023,,,,,,,,
Artifact,,,,,,syscall,,,,,,,,,,,,memory,,,0,7f68ae1e5000,3480,3023,,,,,,,,
Artifact,,,,,,syscall,,,,,,,,,,,,memory,,,0,7f68af094000,2000,3023,,,,,,,,
Artifact,,,,,,syscall,,,,,,,,,,,,memory,,,0,7f68addc3000,206180,3023,,,,,,,,
Artifact,,,,,,syscall,,,,,,,,,,,,memory,,,0,7f68addc9000,1ff000,3023,,,,,,,,
Artifact,,,,,,syscall,,,,,,,,,,,,memory,,,0,7f68adfc8000,2000,3023,,,,,,,,
Artifact,,,,,,syscall,,,,,,,,,,,,memory,,,0,7f68af091000,3000,3023,,,,,,,,
Artifact,,,,,,syscall,,,,,,,,,,,,memory,,,0,7f68ae5d0000,4000,3023,,,,,,,,
Artifact,,,,,,syscall,,,,,,,,,,,,memory,,,0,7f68adfc8000,1000,3023,,,,,,,,
Artifact,,,,,,syscall,,,,,,,,,,,,memory,,,0,7f68ae1e3000,1000,3023,,,,,,,,
Artifact,,,,,,syscall,,,,,,,,,,,,memory,,,0,7f68ae821000,4000,3023,,,,,,,,
Artifact,,,,,,syscall,,,,,,,,,,,,memory,,,0,7f68aea2e000,1000,3023,,,,,,,,
Artifact,,,,,,syscall,,,,,,,,,,,,memory,,,0,7f68aec32000,1000,3023,,,,,,,,
Artifact,,,,,,syscall,,,,,,,,,,,,memory,,,0,7f68aee81000,1000,3023,,,,,,,,
Artifact,,,,,,syscall,,,,,,,,,,,,memory,,,0,55eb9eeed000,1000,3023,,,,,,,,
Artifact,,,,,,syscall,,,,,,,,,,,,memory,,,0,7f68af0ac000,1000,3023,,,,,,,,
Artifact,,,,,,syscall,,,,,,,,,,,,memory,,,1,7f68af098000,13817,3023,,,,,,,,
Artifact,,,,,,syscall,,,,,,,,,,,,memory,,,0,7f68adbb9000,2098c0,3023,,,,,,,,
Artifact,,,,,,syscall,,,,,,,,,,,,memory,,,0,7f68adbc1000,200000,3023,,,,,,,,
Artifact,,,,,,syscall,,,,,,,,,,,,memory,,,0,7f68addc1000,2000,3023,,,,,,,,
Artifact,,,,,,syscall,,,,,,,,,,,,memory,,,0,7f68addc1000,1000,3023,,,,,,,,
Artifact,,,,,,syscall,,,,,,,,,,,,memory,,,2,7f68af098000,13817,3023,,,,,,,,
Artifact,,,,,,syscall,,,,,,,,,,,,memory,,,0,7f68ad9ad000,20b588,3023,,,,,,,,
Artifact,,,,,,syscall,,,,,,,,,,,,memory,,,0,7f68ad9b8000,1ff000,3023,,,,,,,,
Artifact,,,,,,syscall,,,,,,,,,,,,memory,,,0,7f68adbb7000,2000,3023,,,,,,,,
Artifact,,,,,,syscall,,,,,,,,,,,,memory,,,0,7f68ad793000,219a58,3023,,,,,,,,
Artifact,,,,,,syscall,,,,,,,,,,,,memory,,,0,7f68ad7aa000,1ff000,3023,,,,,,,,
Artifact,,,,,,syscall,,,,,,,,,,,,memory,,,0,7f68ad9a9000,2000,3023,,,,,,,,
Artifact,,,,,,syscall,,,,,,,,,,,,memory,,,0,7f68ad9ab000,1a58,3023,,,,,,,,
Artifact,,,,,,syscall,,,,,,,,,,,,memory,,,0,7f68ad581000,211738,3023,,,,,,,,
Artifact,,,,,,syscall,,,,,,,,,,,,memory,,,0,7f68ad58c000,1ff000,3023,,,,,,,,
Artifact,,,,,,syscall,,,,,,,,,,,,memory,,,0,7f68ad78b000,2000,3023,,,,,,,,
Artifact,,,,,,syscall,,,,,,,,,,,,memory,,,0,7f68ad78d000,5738,3023,,,,,,,,
Artifact,,,,,,syscall,,,,,,,,,,,,memory,,,0,7f68ad78b000,1000,3023,,,,,,,,
Artifact,,,,,,syscall,,,,,,,,,,,,memory,,,0,7f68ad9a9000,1000,3023,,,,,,,,
Artifact,,,,,,syscall,,,,,,,,,,,,memory,,,0,7f68adbb7000,1000,3023,,,,,,,,
Artifact,,,,,,syscall,,,,,,,,,,,,memory,,,0,7f68af0ab000,967,3023,,,,,,,,
Artifact,,,,,,syscall,,,,,,,,,,,,memory,,,0,7f68af0ab000,392,3023,,,,,,,,
Artifact,,,,,,syscall,,,,,,,,,,,/proc/3141/oom_score_adj,file,0644,0,0,,,,,,,,,,,
Artifact,,,,,,syscall,,,,,,,,,,,/sys/class,directory,0755,0,0,,,,,,,,,,,
Artifact,,,,,,syscall,,,,,,,,,,,/sys/class/dmi,directory,0755,0,0,,,,,,,,,,,
Artifact,,,,,,syscall,,,,,,,,,,,/sys/class/dmi/id,link,0777,0,0,,,,,,,,,,,
Artifact,,,,,,syscall,,,,,,,,,,,/sys/devices/virtual/dmi,directory,0755,0,0,,,,,,,,,,,
Artifact,,,,,,syscall,,,,,,,,,,,/sys/devices/virtual/dmi/id,directory,0755,0,0,,,,,,,,,,,
Artifact,,,,,,syscall,,,,,,,,,,,/sys/devices/virtual/dmi/id/sys_vendor,file,0444,0,0,,,,,,,,,,,
Artifact,,,,,,syscall,,,,,,,,,,,,memory,,,0,7f8d0c9c7000,7fb000,365,,,,,,,,
Artifact,,,,,,syscall,,,,,,,,,,,/proc/cmdline,file,0444,0,0,,,,,,,,,,,
Artifact,,,,,,syscall,,,,,,,,,,,/sys/module,directory,0755,0,0,,,,,,,,,,,
Process,1000,0,-1,2906,1679540190.367,syscall,-1,-1,2607,-1,0,1000,/usr/bin/sudo,-1,sudo,-1,,,,,,,,,,,,,,,,
Process,1000,0,-1,2906,1679540190.367,syscall,-1,-1,2607,-1,0,0,/usr/bin/sudo,-1,sudo,-1,,,,,,,,,,,,,,,,
Process,0,0,-1,2906,1679540190.367,syscall,-1,-1,2607,-1,0,0,/usr/bin/sudo,-1,sudo,-1,,,,,,,,,,,,,,,,
Process,0,0,4026531836,2981,,syscall,4026531992,4026531839,2906,4026531836,0,0,/usr/bin/sudo,4026531840,sudo,4026531837,,,,,,,,,1679540190.367,2981,,,,,,
Process,0,0,4026531836,2981,,syscall,4026531992,4026531839,2906,4026531836,0,0,/usr/bin/docker,4026531840,docker,4026531837,,,,,,,,,1679540190.375,2981,,,/home/sp/Application/N-cp-T,docker cp ops2 ubuntu:/,,
Process,0,0,4026531836,2985,,syscall,4026531992,4026531839,2981,4026531836,0,0,/usr/bin/docker,4026531840,docker,4026531837,,,,,,,,,1679540190.495,2985,,,/home/sp/Application/N-cp-T,docker cp ops2 ubuntu:/,,
Process,0,0,4026531836,2986,,syscall,4026531992,4026531839,2981,4026531836,0,0,/usr/bin/docker,4026531840,docker,4026531837,,,,,,,,,1679540190.495,2986,,,/home/sp/Application/N-cp-T,docker cp ops2 ubuntu:/,,
Process,0,0,4026531836,2987,,syscall,4026531992,4026531839,2981,4026531836,0,0,/usr/bin/docker,4026531840,docker,4026531837,,,,,,,,,1679540190.495,2987,,,/home/sp/Application/N-cp-T,docker cp ops2 ubuntu:/,,
Process,0,0,4026531836,2988,,syscall,4026531992,4026531839,2981,4026531836,0,0,/usr/bin/docker,4026531840,docker,4026531837,,,,,,,,,1679540190.495,2988,,,/home/sp/Application/N-cp-T,docker cp ops2 ubuntu:/,,
Process,0,0,4026531836,2989,,syscall,4026531992,4026531839,2981,4026531836,0,0,/usr/bin/docker,4026531840,docker,4026531837,,,,,,,,,1679540190.515,2989,,,/home/sp/Application/N-cp-T,docker cp ops2 ubuntu:/,,
Process,0,0,4026531836,2990,,syscall,4026531992,4026531839,2981,4026531836,0,0,/usr/bin/docker,4026531840,docker,4026531837,,,,,,,,,1679540190.596,2990,,,/home/sp/Application/N-cp-T,docker cp ops2 ubuntu:/,,
Process,0,0,4026531836,2990,,syscall,4026531992,4026531839,2981,4026531836,0,0,/usr/libexec/docker/cli-plugins/docker-buildx,4026531840,docker-buildx,4026531837,,,,,,,,,1679540190.596,2990,,,/home/sp/Application/N-cp-T,/usr/libexec/docker/cli-plugins/docker-buildx docker-cli-plugin-metadata,,
Process,0,0,4026531836,2991,,syscall,4026531992,4026531839,2990,4026531836,0,0,/usr/libexec/docker/cli-plugins/docker-buildx,4026531840,docker-buildx,4026531837,,,,,,,,,1679540190.636,2991,,,/home/sp/Application/N-cp-T,/usr/libexec/docker/cli-plugins/docker-buildx docker-cli-plugin-metadata,,
Process,0,0,4026531836,2992,,syscall,4026531992,4026531839,2990,4026531836,0,0,/usr/libexec/docker/cli-plugins/docker-buildx,4026531840,docker-buildx,4026531837,,,,,,,,,1679540190.636,2992,,,/home/sp/Application/N-cp-T,/usr/libexec/docker/cli-plugins/docker-buildx docker-cli-plugin-metadata,,
Process,0,0,4026531836,2993,,syscall,4026531992,4026531839,2990,4026531836,0,0,/usr/libexec/docker/cli-plugins/docker-buildx,4026531840,docker-buildx,4026531837,,,,,,,,,1679540190.636,2993,,,/home/sp/Application/N-cp-T,/usr/libexec/docker/cli-plugins/docker-buildx docker-cli-plugin-metadata,,
Process,0,0,4026531836,2994,,syscall,4026531992,4026531839,2990,4026531836,0,0,/usr/libexec/docker/cli-plugins/docker-buildx,4026531840,docker-buildx,4026531837,,,,,,,,,1679540190.636,2994,,,/home/sp/Application/N-cp-T,/usr/libexec/docker/cli-plugins/docker-buildx docker-cli-plugin-metadata,,
Process,0,0,4026531836,2995,,syscall,4026531992,4026531839,2990,4026531836,0,0,/usr/libexec/docker/cli-plugins/docker-buildx,4026531840,docker-buildx,4026531837,,,,,,,,,1679540190.636,2995,,,/home/sp/Application/N-cp-T,/usr/libexec/docker/cli-plugins/docker-buildx docker-cli-plugin-metadata,,
Process,0,0,4026531836,2996,,syscall,4026531992,4026531839,2981,4026531836,0,0,/usr/bin/docker,4026531840,docker,4026531837,,,,,,,,,1679540190.692,2996,,,/home/sp/Application/N-cp-T,docker cp ops2 ubuntu:/,,
Process,0,0,4026531836,2996,,syscall,4026531992,4026531839,2981,4026531836,0,0,/usr/libexec/docker/cli-plugins/docker-compose,4026531840,docker-compose,4026531837,,,,,,,,,1679540190.692,2996,,,/home/sp/Application/N-cp-T,/usr/libexec/docker/cli-plugins/docker-compose docker-cli-plugin-metadata,,
Process,0,0,4026531836,2997,,syscall,4026531992,4026531839,2996,4026531836,0,0,/usr/libexec/docker/cli-plugins/docker-compose,4026531840,docker-compose,4026531837,,,,,,,,,1679540190.692,2997,,,/home/sp/Application/N-cp-T,/usr/libexec/docker/cli-plugins/docker-compose docker-cli-plugin-metadata,,
Process,0,0,4026531836,2998,,syscall,4026531992,4026531839,2996,4026531836,0,0,/usr/libexec/docker/cli-plugins/docker-compose,4026531840,docker-compose,4026531837,,,,,,,,,1679540190.696,2998,,,/home/sp/Application/N-cp-T,/usr/libexec/docker/cli-plugins/docker-compose docker-cli-plugin-metadata,,
Process,0,0,4026531836,2999,,syscall,4026531992,4026531839,2996,4026531836,0,0,/usr/libexec/docker/cli-plugins/docker-compose,4026531840,docker-compose,4026531837,,,,,,,,,1679540190.696,2999,,,/home/sp/Application/N-cp-T,/usr/libexec/docker/cli-plugins/docker-compose docker-cli-plugin-metadata,,
Process,0,0,4026531836,3000,,syscall,4026531992,4026531839,2996,4026531836,0,0,/usr/libexec/docker/cli-plugins/docker-compose,4026531840,docker-compose,4026531837,,,,,,,,,1679540190.696,3000,,,/home/sp/Application/N-cp-T,/usr/libexec/docker/cli-plugins/docker-compose docker-cli-plugin-metadata,,
Process,0,0,-1,3001,1679540190.872,syscall,-1,-1,2981,-1,0,0,/usr/libexec/docker/cli-plugins/docker-scan,-1,docker-scan,-1,,,,,,,,,,,,,/home/sp/Application/N-cp-T,,,
Process,0,0,-1,3001,,syscall,-1,-1,2981,-1,0,0,/usr/libexec/docker/cli-plugins/docker-scan,-1,docker-scan,-1,,,,,,,,,1679540190.872,,,,/home/sp/Application/N-cp-T,/usr/libexec/docker/cli-plugins/docker-scan docker-cli-plugin-metadata,,
Process,0,0,4026531836,3002,,syscall,4026531992,4026531839,3001,4026531836,0,0,/usr/libexec/docker/cli-plugins/docker-scan,4026531840,docker-scan,4026531837,,,,,,,,,1679540190.872,3002,,,/home/sp/Application/N-cp-T,/usr/libexec/docker/cli-plugins/docker-scan docker-cli-plugin-metadata,,
Process,0,0,4026531836,3003,,syscall,4026531992,4026531839,3001,4026531836,0,0,/usr/libexec/docker/cli-plugins/docker-scan,4026531840,docker-scan,4026531837,,,,,,,,,1679540190.872,3003,,,/home/sp/Application/N-cp-T,/usr/libexec/docker/cli-plugins/docker-scan docker-cli-plugin-metadata,,
Process,0,0,4026531836,3004,,syscall,4026531992,4026531839,3001,4026531836,0,0,/usr/libexec/docker/cli-plugins/docker-scan,4026531840,docker-scan,4026531837,,,,,,,,,1679540190.872,3004,,,/home/sp/Application/N-cp-T,/usr/libexec/docker/cli-plugins/docker-scan docker-cli-plugin-metadata,,
Process,0,0,4026531836,3005,,syscall,4026531992,4026531839,3001,4026531836,0,0,/usr/libexec/docker/cli-plugins/docker-scan,4026531840,docker-scan,4026531837,,,,,,,,,1679540190.872,3005,,,/home/sp/Application/N-cp-T,/usr/libexec/docker/cli-plugins/docker-scan docker-cli-plugin-metadata,,
Process,0,0,4026531836,3001,,syscall,4026531992,4026531839,2981,4026531836,0,0,/usr/bin/docker,4026531840,docker,4026531837,,,,,,,,,1679540190.872,3001,,,/home/sp/Application/N-cp-T,docker cp ops2 ubuntu:/,,
Process,0,0,4026531836,3006,,syscall,4026531992,4026531839,3001,4026531836,0,0,/usr/libexec/docker/cli-plugins/docker-scan,4026531840,docker-scan,4026531837,,,,,,,,,1679540190.876,3006,,,/home/sp/Application/N-cp-T,docker cp ops2 ubuntu:/,,
Process,0,0,4026531836,3007,,syscall,4026531992,4026531839,3001,4026531836,0,0,/usr/libexec/docker/cli-plugins/docker-scan,4026531840,docker-scan,4026531837,,,,,,,,,1679540190.876,3007,,,/home/sp/Application/N-cp-T,docker cp ops2 ubuntu:/,,
Process,0,0,-1,1432,1679540190.880,syscall,-1,-1,1,-1,0,0,,-1,dockerd,-1,,,,,,,,,,,,,,,,
Process,0,0,-1,1104,1679540190.880,syscall,-1,-1,1,-1,0,0,/usr/bin/dockerd,-1,dockerd,-1,,,,,,,,,,,,,/,,,
Process,0,0,-1,766,1679540190.880,syscall,-1,-1,1,-1,0,0,/usr/lib/udisks2/udisksd,-1,udisksd,-1,,,,,,,,,,,,,/,,,
Process,125,121,-1,936,1679540190.880,syscall,-1,-1,1,-1,121,125,/lib/systemd/systemd,-1,systemd,-1,,,,,,,,,,,,,/,,,
Process,0,0,4026531836,3008,,syscall,4026531992,4026531839,766,4026531836,0,0,/usr/lib/udisks2/udisksd,4026531840,udisksd,4026531837,,,,,,,,,1679540190.880,3008,,,/,,,
Process,0,0,4026531836,3008,,syscall,4026531992,4026531839,766,4026531836,0,0,/sbin/dumpe2fs,4026531840,dumpe2fs,4026531837,,,,,,,,,1679540190.880,3008,,,/,dumpe2fs -h /dev/sda1,,
Process,125,121,-1,976,1679540190.920,syscall,-1,-1,954,-1,121,125,/usr/bin/gnome-shell,-1,gnome-shell,-1,,,,,,,,,,,,,/var/lib/gdm3,,,
Process,0,0,4026531836,3010,,syscall,4026531992,4026531839,766,4026531836,0,0,/usr/lib/udisks2/udisksd,4026531840,udisksd,4026531837,,,,,,,,,1679540190.932,3010,,,/,,,
Process,0,0,4026531836,3010,,syscall,4026531992,4026531839,766,4026531836,0,0,/sbin/dumpe2fs,4026531840,dumpe2fs,4026531837,,,,,,,,,1679540190.940,3010,,,/,dumpe2fs -h /dev/sda1,,
Process,0,0,4026531836,3011,,syscall,4026531992,4026531839,766,4026531836,0,0,/usr/lib/udisks2/udisksd,4026531840,udisksd,4026531837,,,,,,,,,1679540190.968,3011,,,/,,,
Process,0,0,-1,3012,1679540191.012,syscall,-1,-1,1104,-1,0,0,/usr/bin/dockerd,-1,exe,-1,,,,,,,,,,,,,/,,,
Process,0,0,-1,3012,,syscall,-1,-1,1104,-1,0,0,/usr/bin/dockerd,-1,exe,-1,,,,,,,,,1679540191.012,,,,/,docker-untar / /var/lib/docker/overlay2/18f70c996805645befc4fb5a3c729ebe4222556fed9b9c4d7290cd7e222f80df/merged,,
Process,0,0,4026531836,3012,,syscall,4026531992,4026531839,1104,4026531836,0,0,/usr/bin/dockerd,4026531840,dockerd,4026531837,,,,,,,,,1679540191.012,3012,,,/,,,
Process,0,0,4026531836,3013,,syscall,4026531992,4026531839,766,4026531836,0,0,/usr/lib/udisks2/udisksd,4026531840,udisksd,4026531837,,,,,,,,,1679540191.020,3013,,,/,,,
Process,0,0,4026531836,3013,,syscall,4026531992,4026531839,766,4026531836,0,0,/sbin/dumpe2fs,4026531840,dumpe2fs,4026531837,,,,,,,,,1679540191.020,3013,,,/,dumpe2fs -h /dev/sda1,,
Process,0,0,4026531836,3014,,syscall,4026531992,4026531839,766,4026531836,0,0,/usr/lib/udisks2/udisksd,4026531840,udisksd,4026531837,,,,,,,,,1679540191.036,3014,,,/,,,
Process,0,0,4026531836,3014,,syscall,4026531992,4026531839,766,4026531836,0,0,/sbin/dumpe2fs,4026531840,dumpe2fs,4026531837,,,,,,,,,1679540191.040,3014,,,/,dumpe2fs -h /dev/sda1,,
Process,0,0,-1,759,1679540191.196,syscall,-1,-1,1,-1,0,0,/usr/sbin/irqbalance,-1,irqbalance,-1,,,,,,,,,,,,,/,,,
Process,0,0,4026531836,3015,,syscall,4026531992,4026531839,3012,4026531836,0,0,/usr/bin/dockerd,4026531840,exe,4026531837,,,,,,,,,1679540192.341,3015,,,/,,,
Process,0,0,4026531836,3016,,syscall,4026531992,4026531839,3012,4026531836,0,0,/usr/bin/dockerd,4026531840,exe,4026531837,,,,,,,,,1679540192.341,3016,,,/,,,
Process,0,0,4026531836,3017,,syscall,4026531992,4026531839,3012,4026531836,0,0,/usr/bin/dockerd,4026531840,exe,4026531837,,,,,,,,,1679540192.341,3017,,,/,,,
Process,0,0,4026531836,3018,,syscall,4026531992,4026531839,3012,4026531836,0,0,/usr/bin/dockerd,4026531840,exe,4026531837,,,,,,,,,1679540192.341,3018,,,/,,,
Process,0,0,4026531836,3019,,syscall,4026531992,4026531839,3012,4026531836,0,0,/usr/bin/dockerd,4026531840,exe,4026531837,,,,,,,,,1679540192.341,3019,,,/,,,
Process,0,0,4026531836,3020,,syscall,4026531992,4026531839,3012,4026531836,0,0,/usr/bin/dockerd,4026531840,exe,4026531837,,,,,,,,,1679540192.438,3020,,,/,,,
Process,0,0,4026531836,3012,,syscall,4026531992,4026531839,1104,4026531836,0,0,/usr/bin/dockerd,4026532757,dockerd,4026531837,,,,,,,,,1679540191.012,3012,,,/,,,
Process,0,0,4026531836,3021,,syscall,4026531992,4026531839,766,4026531836,0,0,/usr/lib/udisks2/udisksd,4026531840,udisksd,4026531837,,,,,,,,,1679540192.458,3021,,,/,,,
Process,0,0,4026531836,3021,,syscall,4026531992,4026531839,766,4026531836,0,0,/sbin/dumpe2fs,4026531840,dumpe2fs,4026531837,,,,,,,,,1679540192.462,3021,,,/,dumpe2fs -h /dev/sda1,,
Process,0,0,4026531836,3022,,syscall,4026531992,4026531839,766,4026531836,0,0,/usr/lib/udisks2/udisksd,4026531840,udisksd,4026531837,,,,,,,,,1679540192.482,3022,,,/,,,
Process,0,0,4026531836,3022,,syscall,4026531992,4026531839,766,4026531836,0,0,/sbin/dumpe2fs,4026531840,dumpe2fs,4026531837,,,,,,,,,1679540192.486,3022,,,/,dumpe2fs -h /dev/sda1,,
Process,0,0,4026531836,3023,,syscall,4026531992,4026531839,766,4026531836,0,0,/usr/lib/udisks2/udisksd,4026531840,udisksd,4026531837,,,,,,,,,1679540192.490,3023,,,/,,,
Process,0,0,4026531836,3023,,syscall,4026531992,4026531839,766,4026531836,0,0,/sbin/dumpe2fs,4026531840,dumpe2fs,4026531837,,,,,,,,,1679540192.494,3023,,,/,dumpe2fs -h /dev/sda1,,
Process,0,0,-1,3141,1679540196.522,syscall,-1,-1,376,-1,0,0,/lib/systemd/systemd-udevd,-1,systemd-udevd,-1,,,,,,,,,,,,,/,,,
Process,106,102,-1,763,1679540196.526,syscall,-1,-1,1,-1,102,106,/usr/sbin/rsyslogd,-1,rs:main Q:Reg,-1,,,,,,,,,,,,,/,,,
Process,0,0,-1,365,1679540196.526,syscall,-1,-1,1,-1,0,0,/lib/systemd/systemd-journald,-1,journal-offline,-1,,,,,,,,,,,,,,,,
